Topology	Distance	Out	Internal
AC	0.36432766525	0.0102473088	0.031950121
BC	0.08219214964999999	0.7796685696	0.108102
BC	0.14200166455	2.9875064072	0.0490771
AB	0.6898627138	0.1626383195	0.0116689292
BC	0.042856500000000006	0.9404743785	0.045231
BC	0.03597927155	0.7574595132	0.0349056325
AC	1.5922803972	0.0942654149	0.0609102422
AC	3.4574199000999997	0.0928389098	0.0688700758
AC	0.30411593565	0.0254361246	0.0548484
AC	0.91309126095	0.0778356979	0.0391406132
BC	0.0782437512	1.6261765031	0.187638
BC	0.186274744	2.8342789019	0.377405
BC	0.1006776713	0.9955139793	0.1042619025
BC	0.04190480585	2.36943	0.0463744
BC	0.039987774399999995	1.0396224509	0.0404135749
BC	0.007175225	0.446326	0.0096877479
AC	0.56803491435	0.0893645	0.0303595737
AC	0.10820395000000001	0.0069082589	0.0031471553
BC	0.13213723195	0.9085219361	0.0627572133
AB	0.33951969625	0.0369386354	0.0321609
BC	0.72431585265	9.62869	2.2892
AC	2.3107946733499998	0.1653706323	0.0731561208
BC	0.15071258134999999	1.4079437362	0.1729795243
BC	0.27415006615000004	1.2837962294	0.0646661667
AC	1.50426256055	0.1376456225	0.0389072748
BC	0.00407446915	0.855187	0.00489254
AC	1.40794106265	0.0864058653	2.6183e-06
BC	0.5912039169500001	11.6957	0.460728
BC	0.0481220592	1.8924769989	0.0459811928
BC	0.43369394409999995	3.8187060526	0.54517
BC	0.03533429155	0.24313019	0.0118886
BC	0.14565114010000002	1.5550372959	0.207131
AC	1.1548877692500001	0.0437575247	0.0542034403
AB	1.1534285	0.2172975272	0.064487252
BC	0.09631443584999999	1.2129891612	0.0421854041
AC	0.5173674888500001	0.0410410885	0.0744284
BC	0.2331812183	10.2151	0.561071
BC	0.029142722399999998	0.704395	0.0535069
AC	1.4355107357	0.1051480209	2.4145e-06
AC	0.7702136202	0.022309641	0.0350279481
AC	0.28755299575	0.0345173497	0.0129075244
BC	0.026488285	0.735246	0.0069174607
BC	0.25873849635	2.69776	0.170591
AC	0.31460368	0.0025054712	0.0174536541
BC	0.0118468815	0.445916	0.0046137324
BC	0.07022157515	0.9387162223	0.106083
BC	0.16070722235	1.0591342721	2.0514e-06
BC	0.59648494395	2.98342	0.911402
AC	0.9025363706999999	0.0259425032	2.8833e-06
AC	3.13528479485	0.239645875	0.1218371211
AC	1.5793903447	0.0827544452	0.266396
AC	1.3673980825	0.0893469769	0.0104198028
AC	2.1744691401	0.27460168	0.1010606252
AC	1.11858785	0.0407068266	0.0232949041
BC	0.055622513	0.6952141702	0.0536744
AC	0.23595119120000002	0.0364595223	0.00642646
AC	1.37984509755	0.225483	0.0688222374
BC	0.11178439280000001	0.770295752	0.0588437891
BC	0.3431023246	3.06168	0.1308920257
BC	0.17994608385	0.6077764173	0.031624651
AC	0.5534986265999999	0.0815098175	0.0808002
BC	0.04290718135	1.7018856782	0.0958735481
BC	0.18931435675	1.0024641466	0.1254647426
BC	0.060859359950000004	3.95112	0.439376
BC	0.0204260793	0.331804	0.0179131
BC	0.1725941185	1.3128778588	0.1307096102
AC	2.9866340151	0.0308338698	0.0530933194
AC	2.62103470765	0.0547377837	0.0309618709
BC	0.1268854103	1.6769566998	0.123082
AC	0.0842178955	0.0538375	0.010005262
BC	0.029754071899999998	0.418261	0.0313129349
AC	0.21825696005	0.0018212175	0.0068850937
AC	0.51335355115	0.0280378914	0.0089022481
AB	0.0376161254	0.0	0.00305331
AC	0.9732937468999999	0.0472965113	0.0264075927
BC	0.10005370620000001	1.8505677248	0.0792379299
AB	0.10222723335	0.0156232	0.0065807022
BC	0.08410168795	1.130678248	0.1206567534
AC	0.7671169334	0.0754596839	0.0424580409
BC	0.1027790368	1.8193905142	0.0231850369
BC	0.06286082305	1.1668	0.0437403
BC	5.7595e-06	0.106681	0.0026053555
AC	0.66504933705	0.0772272279	2.1961e-06
BC	0.0440270502	2.4749145995	0.0853323937
BC	0.12616748265	7.2577	0.445613
BC	0.059702697650000004	1.69803	0.0403639917
BC	0.14084423594999998	1.3554514956	0.0510331407
AC	1.7135961378	0.1450814498	0.0453789064
AC	0.95491464245	0.1642717593	0.121243
BC	0.0495802847	0.135884	0.004857
AB	0.37738855000000004	0.049535709899999995	0.0136624681
BC	0.10304247715	0.5116577933	0.0972249
AC	0.53988055	0.0177440909	0.0110166411
BC	0.27499297295	2.2904150556	0.189042601
BC	0.13070836944999997	0.8991058312	0.0681252998
BC	0.013494459050000001	0.267243	0.0033873011
AB	0.0681365	0.0	0.0
AC	1.41532215245	0.0816043258	0.0720454466
AC	0.31204341420000004	0.0917063985	0.0437590139
BC	0.03890777235	1.71991	0.0737668
BC	0.0749198599	0.4727710801	0.189212
AC	0.5209977451	0.0281324868	0.0436166842
AB	0.65799011895	0.0415450185	0.0059401422
BC	0.3405754087	3.327844299	2.7804e-06
BC	0.01713279745	0.645824	0.0241822165
AC	0.5748719403	0.0923323858	0.134225
AC	2.64118809125	0.1884979792	0.113133643
BC	0.18207739925	3.3748570656	0.1521335989
AC	0.13652960545	0.0187938646	0.017421818
AC	0.0935101371	8.6226e-06	0.0037464681
AB	1.77960192565	0.4444737628	0.0567975881
AB	0.95265600065	0.1267482781	0.0466496229
AB	1.0393221689	0.2868630311	0.034471254
AB	1.5167373118499998	0.00811446	0.0059698686
BC	0.05068105675	3.2643510429	0.435863
BC	0.96738712595	10.9646	1.1315614003
AB	0.55769271855	0.1477255646	0.0084094767
BC	0.01122767555	0.2418009794	0.0222587
BC	0.2045081084	5.2984	0.7148695612
AB	1.22450766515	0.8426262269	0.0400227617
AC	0.3984029925	0.0519664421	0.0080498463
AC	2.05338716135	0.1598075941	0.104801
AC	3.28028719255	0.2046580127	0.1256307381
BC	0.27275584725	2.9060129051	0.074184972
AC	0.35520516500000004	2.3378e-06	0.003123502
AC	1.24144216735	0.3509425267	0.185037
BC	0.1886669769	1.2989397208	0.309167
BC	0.020186161950000003	1.18589	0.0119127
BC	0.058006882499999995	1.1371321615	0.0410953818
AB	0.36927147775	0.0628497338	0.0086599287
AC	0.7816733782	0.0565785871	0.0466670858
BC	0.030605447299999998	0.6639442215	0.0305295065
BC	0.15150602305	1.1040629616	0.0876330329
AC	3.163263932	0.2708538496	0.179605
AC	0.776134702	0.042084518	0.0168012595
BC	0.24553006935	1.8627894356	0.1916294736
AC	2.7261545147	0.0304121531	0.0123304192
BC	0.0718101166	0.5196895473	0.0138529616
BC	0.014830185	0.235475	0.0195542
AC	0.11736689685	0.0157145	0.00777537
BC	0.37264751795	10.099	0.35457
AC	0.48073793260000003	0.045973717	0.108179549
AB	0.24391912389999998	0.0880117081	0.0220966256
BC	0.02746965085	0.5412258412	0.0219437
BC	0.39216460719999996	2.0976254291	0.2226267877
AC	3.36983704995	0.3173245461	0.476188
BC	0.0242022661	4.1072759976	0.110127
AC	1.8025401831499999	0.0479369242	0.0479695611
AC	1.6135269567000001	0.0398044339	0.0403499924
AB	0.9044925	0.0301010977	0.0256848638
BC	0.03153788105	0.3773835008	0.0167162398
BC	0.040537505599999996	1.0483916057	0.0561596323
AC	0.5177106311	0.0520530625	0.0762215
BC	0.22985599005	4.41701	0.7118499175
AB	0.7301007524500001	0.2258204143	0.0557155871
AC	4.23944259245	0.00536853	0.3287630397
BC	0.14469563185	1.312342786	0.1522197415
AB	0.09840597525	0.0024764496	0.0158197083
BC	0.084807951	0.614469887	0.0928515
BC	0.3245147677	3.03718	0.190544
BC	0.0	10.4521	8.3708e-06
AC	0.72325794345	0.0192039645	0.0324516
AB	0.1862949166	0.0330631921	0.0049242238
BC	0.0759252793	1.3063763426	0.0742655
BC	0.25358828895	0.9965889136	0.15336
AB	0.27429302964999996	0.0962592915	2.0167e-06
BC	0.06919042325000001	0.6463760299	0.0892719
BC	0.18730886224999999	9.9999986312	0.0551498003
BC	0.28157756595	4.3648350464	0.1786781471
BC	0.0281928802	0.5502275081	0.0173685037
AC	0.34685383	0.0907162	0.1084657941
BC	0.2056559805	0.651243799	0.576891
AC	0.74990291415	0.0110164126	0.0275662
AC	1.686282068	0.2217611887	0.0892435434
BC	0.007453839	0.472195	0.0109783
AC	1.5595247784	0.0227010666	0.0182382794
AC	1.3227292742499999	0.2097815517	0.152515
BC	0.19727258465	2.48948	0.0731127
AC	2.4120275817	0.0993341424	2.0634e-06
BC	0.01504117625	0.2648922107	0.021641105
AC	1.372677088	0.37663	0.0485432418
BC	0.007926417100000001	0.2879010904	0.0282011
BC	0.18631774055	1.4110181927	0.215766
BC	0.0788240812	4.9643445644	0.166134
BC	0.0569336857	1.07948	0.0411015
AC	0.9451591849	0.1134624371	0.243231
AC	0.8644771542	0.1981274843	0.291678
BC	0.07314640285	4.75795	0.0236359071
AC	2.10954605665	0.0541472266	0.0508009
AC	0.26047315305	0.0430750056	0.0394933963
AC	0.993364695	0.0551503555	0.0722752747
BC	0.19425938245000002	1.97800167	0.0838551436
BC	0.15377197004999998	1.05791	0.1060256081
AC	1.3682693179	0.155675	2.4892e-06
BC	0.24189005245	4.8263143948	0.223139
BC	0.23844315895	2.7021	0.364433
AC	0.66883218775	0.1331088445	0.0885244246
AC	1.6148792294	0.1825175996	0.0508286627
BC	0.68397984795	1.3244359642	0.1414985074
BC	0.06301751985	1.4057620712	0.0626817664
BC	0.0941247211	2.49283	0.17564
AC	0.81899991935	0.0294379606	0.0505438
AB	1.21237076095	0.2188592015	0.0609799
AC	0.6605277116999999	0.0487673041	0.067862
BC	0.25807619065	1.27265	0.0425823202
BC	0.0459593878	1.33892	0.0315873
AC	1.1991707482	0.0927653	0.0647710362
BC	0.67041140085	3.64706	0.504538
BC	0.02365261575	1.2693800483	0.024935
BC	0.43834979399999996	3.00257	0.504667
BC	0.13118941805	1.1595	0.0554226
BC	0.14937605140000002	2.1383337449	0.0265647212
AC	1.4031195160499998	0.0983668929	0.150803
AC	1.2645326265999999	0.0395683491	0.0670467
AC	0.27428684565	0.0463630089	0.127141
AB	0.9203254096	0.22246714950000002	0.01851872
AC	0.11478725	0.0239336	2.9933e-06
BC	0.3264734111	2.6187392793	0.3476025938
BC	0.02396915	0.277731	2.6135e-06
AC	1.6150129287	0.0385090576	0.0690461676
AC	1.02673450165	0.1720824286	0.0423534061
BC	0.13031477795000002	0.780398412	0.0526950759
BC	0.0932040247	1.29483	0.0968467629
BC	0.0098755925	0.242305	0.0029981947
AC	0.78714417565	0.0712192146	0.0324240342
BC	0.068791873	1.5182620387	0.0228706949
AC	0.66253168175	0.1393910425	0.0256644495
BC	0.2956170063	2.6602695393	0.056404394
AB	1.46274581115	0.0915532847	2.2869e-06
AC	2.8506567004	0.0420853491	0.032944458
BC	0.0322443978	0.930919	0.0492669
BC	0.1506956229	4.16342	0.0203436123
BC	0.0147432248	0.2530512066	0.0085682706
AC	0.6685545881499999	0.0078753467	0.0737408884
AC	0.8695815553499999	0.0819655026	0.0413874414
BC	0.188956024	0.9687141509	0.0667353849
AC	2.1759567337	0.1456956769	0.280091
BC	0.08372862235	1.764510879	0.0062883384
BC	0.03506842115	0.456035	0.0549668
AC	1.2875116001	0.106484365	0.0162199601
AC	1.32865591855	0.0691701741	0.0523769
BC	0.1062636179	0.9317928625	0.139308
AB	0.6123980403	0.1512007605	0.0187115481
AC	0.6072643	0.0751301343	0.0542619
AC	0.6733325216	0.157382	0.0116396592
BC	0.0758492204	2.98706	0.0083897811
AC	1.0950259167	0.0514898982	0.0145855033
BC	0.017390562300000002	0.610168	0.0046577502
AC	1.89703839175	0.0732745279	0.0300297135
AC	2.3526130801500003	0.0156960635	0.1304969731
AC	0.615269957	0.0550828885	0.028145734
BC	0.1247257719	2.0013245194	0.3342068535
BC	0.02418337515	2.46481	0.0083673016
BC	0.21685197350000002	1.9621	0.101084
AC	1.7733917499999998	0.0291603863	0.0112224777
BC	0.0300406043	0.845948095	0.0122657699
BC	0.10280156225	0.9402884029	0.0840110288
BC	0.23783052505000002	3.6442042113	0.330187196
BC	0.25182349465	0.987795	0.214552
AC	2.402636152	0.3504576621	0.2087346476
AC	1.9579390292499999	0.0952629673	0.0480473269
AC	1.2908325955	0.0937951588	0.0833448
BC	0.03940800245	1.82353606	0.0386749594
AB	1.0207829090999998	0.114115	0.073142432
AB	1.056446	0.2412440628	0.0682146879
AC	1.37802787815	0.0631154907	0.0421511684
BC	0.25768054910000004	1.3935910417	0.2979693989
BC	0.03320865865	0.6365184826	0.0566408
AC	1.6057435843	0.1619404755	0.117302
BC	0.1389393501	1.9175563735	0.1660571278
AC	1.575992729	0.1365991293	0.0505213446
AC	4.0103141002	0.2180831405	2.6016e-06
BC	0.03319675505	2.37396	0.0082021034
BC	0.033373604599999995	4.06454	0.0670746
AC	1.5117657624	0.3511526176	0.175364
BC	0.048299204250000005	0.747022	0.2130099695
BC	0.013125695	0.889293	0.211387
AC	1.8702627141500001	0.1865520778	0.1937389312
AC	0.13269139995	2.9228e-06	0.0076559
BC	0.5290553483	2.06993	0.0179614
BC	0.17771631024999998	2.4690096697	0.2031187949
AC	1.20303799685	0.0983103462	0.0756302
BC	0.06150847155	1.089121826	0.0837957
BC	0.1263601916	1.2303305704	0.0395282275
AC	0.0654625209	0.00230425	0.0050491256
AB	1.82396347745	0.19334837070000002	0.368854
BC	0.121028313	2.0366425765	0.0864387762
BC	0.239770741	0.7588078682	0.1173351243
AB	0.32835666465	0.00666481	0.0074669048
BC	0.2495219367	4.42192	0.658663
BC	0.04433745	0.3288697719	0.0660502325
BC	0.1778360907	3.1281	0.0989459232
BC	0.567551	2.7648885243	0.775314
AB	2.7836538155499997	0.0645948076	0.0169775233
BC	0.0369882518	2.266536128	0.118999
AB	0.8248720421	0.12168038210000001	0.062604
BC	0.0670336511	0.821281416	0.0317322931
BC	0.1363643799	1.4758130003	0.0577473
AC	1.3966405965500002	0.3415022674	0.328747
AB	0.5536090214	0.0620293074	0.0116910521
BC	0.3756967552	1.8411607927	0.262751
AB	0.7271081573	0.2542324904	0.0409113237
AC	1.2557614298500002	0.083632455	2.3558e-06
BC	0.25983484465	2.08442	0.2471960589
AB	1.42689531185	0.0838263312	0.0157927297
BC	0.0897946423	1.5919033155	0.0603249
BC	0.09212635475	3.70341	0.2110422653
AC	2.5037004459	0.1540289485	0.1190642555
AC	0.8382109964	0.0241952844	0.0154179084
BC	0.0409328846	0.2857863139	0.0411690911
AB	0.45164667215	0.1292300057	0.0111055447
BC	0.3143478979	2.7279600414	0.127210589
AC	0.9713411696500001	0.0769032062	0.212328
BC	0.51745535935	2.80879	0.3048917335
AC	0.9580192102499999	0.0662947207	0.0323419876
BC	0.0	0.1127052641	0.00542539
AC	0.13844815935	0.1698073792	0.0516859
BC	0.07881832385	1.02804	0.0216235873
BC	0.0262825508	0.772015	0.0435479
BC	0.025724997250000003	0.419736	0.021434
BC	0.00304514845	0.235153	0.00628547
BC	0.0	0.303547	0.0
BC	0.0721897123	1.4432514312	0.208742
AC	0.6339923377	0.150949	0.0140943007
AC	1.7618216046	0.0382080467	0.0230431355
BC	0.0413270216	0.2653192943	0.043464
BC	0.1857110087	1.3968257138	0.0167054715
BC	0.0416027	0.801543	0.0093438605
AC	2.5477017759000002	0.205718531	0.1165943386
AC	1.96373119655	0.0481764125	0.0220929371
BC	0.22338846080000002	1.9476497212	0.2075321683
BC	0.02474323415	0.6617776383	0.0138572392
BC	0.14935764075000002	1.3977219663	0.114388
BC	0.0333257081	1.2452970145	0.0346573923
AB	0.4103826193	0.024066	0.0445441
AC	2.55169234915	0.3388211893	2.1331e-06
BC	0.1864704673	0.6931639678	0.0243913
BC	0.32619484914999997	6.0319244225	0.4540281724
BC	0.26411883115	2.310153946	0.0592503012
AC	0.48958538905000004	2.0849e-06	0.0592113
BC	0.07715732335	2.3505120455	0.0948299
AC	1.1639412402	0.12791	0.0987505046
BC	0.18718416485	2.61288	0.180181
BC	0.059012064249999996	2.0957229599	0.1058778728
AC	0.42665352095	0.0163642515	0.0808944444
BC	0.10889294009999999	1.8429221733	0.016273931
AC	1.95645260765	0.0264278545	0.0203821538
BC	0.08967840345	0.3864816205	0.0111667937
AC	1.7729649694999998	0.1439426301	0.0293273333
AB	1.3377911506500002	0.3070120077	0.07272924
BC	0.16206089455	0.606409	0.2158065286
AB	1.1880872377999998	0.0730414944	0.0495125067
AC	1.0004587872000001	0.1326127665	0.0209429185
BC	0.08404191535	1.2412484617	0.034968587
BC	0.00930096855	0.5478808663	0.0453713
BC	0.30279089905	3.4230057428	0.2261789642
BC	0.42622643925000003	1.8785988705	0.1482207726
BC	0.031012482700000003	0.3955345858	0.0116216
AC	0.8070876346	0.0549334894	0.0307172874
AC	0.5192482603499999	0.0615988719	0.0586546
BC	0.0390694161	0.6429023174	0.0601492319
BC	0.4966707548	3.1768278148	0.4237
AC	0.94705662295	0.0115357485	0.0487207
BC	0.07638080924999999	1.0792261044	0.0793555236
AC	5.06081583665	0.0611121983	0.07378
BC	0.1027108712	1.2207385789	0.0961869781
BC	0.0888383234	0.7561135891	0.0414564932
AC	0.7249818	0.0485454553	0.0270298755
BC	0.18742709445	1.5732530386	0.133874
AC	0.0660641943	0.014029	0.0107531
BC	0.10284606874999999	0.666227752	0.0569735
AB	2.8471938496	0.0788031021	0.035334959
AC	0.8860755526	0.0944813558	0.0916942
BC	0.2247333071	3.9293427559	0.118008241
AC	0.10093564349999999	7.6887e-06	0.0017854978
AC	1.1247969335	0.1513227288	0.100336
AC	0.7191870499999999	0.0160383573	0.0266979
BC	0.10429185165	1.2681622141	0.0569043376
AB	0.1859178	0.0259533	0.00518133
BC	3.98655e-06	0.0164078212	0.0168184
AB	0.41854987434999996	0.0786541794	0.0028841163
BC	0.06369045905	4.6612213589	0.0421269592
BC	0.12222115929999999	1.02073	0.1703686752
AC	0.9743344500000001	0.0352607456	0.0134780185
BC	0.0891726952	1.2658022435	0.0135319378
BC	0.21826725195	1.8718598536	0.1324770035
AC	1.53588109495	0.0584190719	0.111464
AB	0.5556134685499999	0.09489728709999999	0.0407838305
AC	1.50518772325	0.0534385068	0.184032
BC	0.21429897344999999	1.7410696282	0.0728979571
AC	0.215833491	0.0230803482	0.0472429
BC	0.0031303688	0.0683924	0.0062978369
BC	0.2852450669	3.4667525635	0.317318
BC	0.0528764758	1.0181949399	0.0588637779
BC	0.0	0.328991	8.2401e-06
BC	0.2508663429	5.0109444283	0.0480164966
BC	0.1898160199	1.6384366023	0.190815
AC	1.49546896	0.0583357764	0.0195494307
AB	0.97452076165	0.3526685283	0.0389388834
BC	0.0519457599	1.7066	0.147466
AC	0.26980026085000003	0.067815851	0.0411286802
BC	0.0132088054	0.247126	0.0097645611
BC	0.05574114175	1.3541301614	0.0778631776
BC	0.032343391799999996	1.92419	0.268452
AC	0.98719523295	0.0245619143	0.0227161839
AC	0.91483391355	0.0772487415	0.0350942386
BC	0.045282277950000005	0.712268	0.0073162862
BC	0.47736554995	2.7161807936	0.2269727625
AC	0.35749232175	0.0260958629	0.116895
AC	0.872898237	0.208806938	0.299058
AC	1.11942774655	0.22961	0.1411792687
AC	1.2750934712	0.1339944802	0.0928087
AC	1.1169362060499999	0.1393898543	0.0519488969
AC	1.4633793328500002	0.2682411665	0.635122
AC	1.45564496535	0.0919548535	0.0501626974
AC	2.0701988485	0.221679429	0.133781
BC	0.0946698328	1.11059	0.0086318202
BC	0.35631165065	2.1378336879	0.1397032589
AC	0.063053319	0.0065633052	0.0014664366
AB	0.40128985	0.1210743264	0.0086222824
AC	0.67423861585	0.0513454817	0.0474129259
BC	0.00622552145	0.398317	0.0090741333
BC	0.1464688657	5.86494	0.0625478487
BC	0.25771067375	2.31685	0.0971337162
AC	1.1694081895000001	0.0531456699	0.0789824
AC	0.36328017845	0.065825909	0.0362372
AC	0.94366609505	2.0461e-06	0.238644
AC	2.0498163113	0.2246110394	0.1255900868
AC	1.96421836775	0.0607355796	0.0372339
BC	0.08294611555	0.7622310718	0.102344
AC	0.54979933425	0.2120846987	0.182571
BC	0.5023712201	2.1909928761	0.211661555
BC	0.21971370810000002	1.8914779964	0.36578
AB	1.3057682547499998	0.40177993040000004	0.0848782543
AB	0.9728173777	0.0382337	0.0145419002
AC	0.9459098458	0.034936693	0.0114898131
AC	0.73913019705	0.0580366397	0.0287672812
AC	0.5607679999999999	0.0205435003	0.0225754801
BC	0.04339358405	1.82388	0.0577804
AC	0.66605527825	0.0323082593	0.0138921
BC	0.0511242655	2.70226	0.0237123
BC	0.0438558751	1.7732715918	0.0635672
BC	0.07788800375	1.25135	0.1660723579
AC	0.38010043235	0.0183375946	0.0125612871
BC	0.0412264383	1.12056	0.0261156175
AC	1.0535676413	0.1585753262	0.0962316186
BC	0.05939165895	0.8245404927	0.0352835792
BC	0.1520650504	4.4347121185	0.1507394215
AC	1.67959977045	0.0556117828	0.0199183907
BC	0.19892091215	2.4371128728	0.495181
BC	0.32521019865	1.295308142	0.2574856823
BC	0.28423980984999997	7.7388943855	0.421533
AC	0.6992170223499999	0.0598841507	2.0212e-06
BC	0.0184994913	1.4352523866	0.0568161
BC	0.13072568925	3.6454	0.3352196106
BC	0.179246858	1.3683625182	0.124188
BC	0.18968227205	1.5549238939	0.0805942525
AC	0.12244597	0.0081483735	0.00223197
BC	0.0029710729	0.635486	0.0152543
AC	2.7768860543500002	2.7612e-06	0.0356845
BC	0.16894086625	1.9257290823	0.052951259
AB	0.0275211307	0.000282547	0.00268982
BC	0.2153248974	2.2385719105	0.1228104541
AB	0.731810393	0.030716571999999998	0.0085575098
AB	0.07889071195	0.0	0.0130247
BC	0.0693495026	1.9088179183	0.116601
BC	0.30518921145	1.84908	0.10248945
BC	0.43576381515	3.654720471	0.605871
AC	0.4673610191	0.0625537078	0.0895346
AC	1.25644135035	0.0602217408	0.103717
BC	0.15528298149999997	1.6319017679	2.5027e-06
AC	1.239126818	0.2243846713	0.17066
AB	0.41615899284999996	0.10563207000000001	0.0303184565
AC	1.25934880715	5.7434e-06	0.0972078
AC	0.7332886000000001	2.366e-06	0.0366255259
AC	1.1420597547	0.1776371407	0.1150420677
AC	0.2305765324	0.01109256	0.0125820607
AC	1.6949632	0.0420338082	0.0949814608
AC	0.6328886499999999	2.5857e-06	0.0358406498
BC	0.03578279445	0.5869934431	0.0135121
AC	1.0790279979	0.0388386858	0.0301625597
BC	0.12684474265	1.58878	0.0597664
BC	0.05976640325	1.1907069996	0.149694
AC	2.5998488282	0.0597928146	0.048734653
AC	1.4385592426	0.0408200232	0.0475524581
AB	0.9428388805000001	0.1893091854	0.0233414982
AC	1.4087665021	0.1084942274	0.0878365
BC	0.089625558	0.9613430535	0.227733
AC	1.7599782246500002	0.2360517395	0.2697485451
BC	0.22414377295000001	4.1349984263	0.1194061496
AC	1.8129965404000001	0.0400890072	2.4472e-06
BC	0.1152282023	3.0535731726	0.203687
AB	0.13778809355	0.0	8.6565e-06
AC	0.2196627819	0.0360921487	0.0339569
AC	1.03703616005	0.0532420989	0.015703056
BC	0.17212571505000002	2.3340173579	0.0429104616
BC	0.3348612188	0.6401971977	0.1078960744
AB	0.3070873319	0.0356456	0.0370954
BC	0.08879504790000001	3.25896	0.176123
BC	0.00958635	0.4788119148	0.00338662
AB	1.0535463867500001	0.4037740833	0.0411302647
BC	0.15400890005	4.3368085457	0.0806493841
BC	0.24304833135000004	2.0323192976	0.0674752671
AC	1.06599584845	0.210388683	0.131122
AC	0.705973547	0.0409905374	0.0671456
AC	0.79559729	0.0714368156	0.055573511
BC	0.14644898355000002	1.4598405508	0.102017
AC	2.7920735725	0.2083497383	0.1405308816
BC	0.11058531199999999	2.0651070384	0.0675697217
AC	0.40727954005	0.0425014258	0.0399014
BC	0.14865213605	1.42722	0.107758
BC	0.1399866106	0.4865119323	0.0346547925
BC	0.19595236970000002	2.35276	0.10312
BC	0.1208786613	5.6688389844	0.0932242426
BC	0.08444032875	4.0512311004	0.0315732022
AC	0.1977304424	0.0475338743	0.0220527
AB	1.4771774475500001	0.0375623	0.0284689291
BC	0.0584191639	1.2650499511	0.044384539
AC	1.64303148875	0.0727938987	0.0252553075
AB	1.7536117709499999	0.4187042862	0.1755223565
AC	1.2418728673000001	0.0125088967	0.0576304
AC	0.7464505987	0.0865757763	0.0414194
BC	0.0261050486	0.494724	0.0052831401
AB	0.450104	0.088179595	0.0199715082
BC	0.10985249289999999	0.5477421711	0.0895200473
BC	0.22042618395	1.3708445381	0.182675
BC	0.0240952081	0.595258	0.0130486
BC	0.05146616205	6.1269835987	0.1606833799
BC	0.0755957966	6.6274161725	0.0385234921
BC	0.1401316858	1.520809704	0.399077
AB	0.27171875855	0.0537701	0.0124535046
BC	0.1060204282	1.2308223921	0.129283
AB	1.09074826645	0.07586921940000001	0.119083
AC	1.02925840805	0.137097	2.1945e-06
BC	0.05269741905	0.9884563561	0.0572005
BC	0.04328715675	0.524773	2.2294e-06
BC	0.0051970823	0.0895272	0.0104925
BC	0.1356948967	1.635859544	0.0906303945
AB	0.1197043722	4.0158e-06	0.0047262712
AC	2.2260135316	0.0566554038	2.1581e-06
AC	4.5977649065	0.0	8.826e-06
AC	0.33229098545	0.0125934438	0.0174202
AC	0.59900044585	0.0983505628	0.0253946595
AC	0.36214408695	0.1021469625	0.0468066493
BC	0.0	0.145805	4.6756e-06
BC	1.0904384219	3.41498	0.4250674286
AC	0.17276578075000001	0.0096640074	0.0053696216
BC	0.0267554532	0.4897515438	0.010803507
BC	0.02705895	0.789568	0.0094634179
BC	0.0826280747	1.4881904657	0.1262981454
BC	0.2433365046	2.7696935059	0.210018
BC	0.1011593019	1.2928997227	0.1664198289
AC	0.62291538455	0.022461412	0.0242102732
AC	1.3200664613500002	0.1385370126	0.2674
AB	1.16845928985	0.1130158227	0.0928128
BC	0.01037058615	0.389989859	0.0204002007
AC	1.5408647071	0.1344052891	0.0677893481
BC	0.2842114564	3.3380690148	0.117754
BC	0.0844662472	3.18504	0.114818
AC	0.6696167212	0.0438448912	0.0188679151
AB	0.15046103445	0.0	5.1856e-06
BC	0.24734916289999997	1.6289202606	0.2192093232
AC	4.15374450975	0.1347035239	0.0814833101
AB	1.60082642345	0.0651725674	0.0453820233
AC	0.364408	0.0037666016	0.0057331023
BC	0.01281985	0.648010063	2.0494e-06
BC	0.11613152239999999	2.7236122822	0.1536478389
BC	0.022594828	0.867735	0.0061273271
AC	1.08030632195	0.1689605332	2.8746e-06
AC	2.46763504325	0.1045300952	0.178669
AC	0.7684729141500001	0.0452905637	0.0408659
BC	0.050446570499999996	0.5243613194	0.0559742582
BC	0.24318791705	2.4022647482	0.1312107231
AB	0.568889	0.056948250699999994	0.0354550144
AC	0.92383556515	0.1331661664	0.111899
AC	2.0098601621000003	0.0338543707	0.114186
BC	0.042351757500000003	0.906686	0.218209
BC	0.16025503060000001	2.0132747933	0.0664642
BC	0.21328430510000002	2.4323	0.0543654163
BC	0.19358105765	0.7877284303	2.2178e-06
AC	0.4258155	0.0329591415	0.0184303972
BC	0.0	0.434249	7.0435e-06
AC	1.5247919637999998	0.112078	0.1627555911
BC	0.1766221909	1.6670075862	0.1587078733
AC	0.9144009989	0.0207310803	0.0057909444
BC	0.06895697314999999	0.9880988554	0.0499912455
BC	0.046018763899999995	2.570300339	0.0637541
BC	0.0177857029	0.513929	0.0184945
BC	0.0551045691	0.9077217584	0.0331322024
AC	0.53902560785	0.0518159522	0.0225749281
AC	0.54731813595	0.0191808031	0.0152203422
AC	1.3915862244500001	0.2079392149	0.04771848
BC	0.07807994274999999	3.6892312188	0.0388973298
AC	1.1134375281	0.0481629574	0.060264
BC	0.0199836546	0.5650762772	0.0860039
BC	0.1404262841	0.837320194	0.029643669
BC	0.050741779050000005	0.864981	0.0722742
AB	0.8268546636999999	0.08124875899999999	0.0188829675
BC	0.0557914928	1.00567	0.0075847942
BC	0.07221962635	6.4394922572	0.0367681
BC	0.06553595905	2.3628798358	0.0526550314
AC	2.26977220745	0.0158684049	0.0115378699
BC	0.02237695	10.4672	0.0542736
AB	0.6555872339500001	0.0956696263	0.0517622185
BC	0.11873783190000001	4.72607	0.1718109128
BC	0.0141604868	0.6354171161	0.0093034261
BC	0.07949076	1.4818004791	0.0856229
AC	1.52573611525	0.0696496404	0.0192613449
BC	0.15156999475	2.0739750284	0.337254
BC	0.44324483755	3.95992	0.1470259735
AB	1.59697032185	0.0348223	0.0156490607
AC	2.2424455047	0.1050425133	0.0553002087
AC	0.54970154485	0.0822176113	0.108794
BC	0.04623849535	0.1980608381	0.0206368
AC	2.13061439745	0.1604246677	0.345662
BC	0.0126119573	0.5731	0.0243580579
BC	0.0876180966	1.6222678396	0.177037
AB	1.6393137212	0.1374922689	0.0456352809
AC	1.1708078209000001	0.1295758431	0.0542404821
AC	1.0885131021999999	0.0556135007	0.0566249
AC	1.2282586898499999	0.0914685768	0.0702634
BC	0.09073333245000001	1.31603	0.20233
AC	1.4614842764	0.0404517076	0.0234926245
AC	2.38513919315	0.148605476	0.0489721057
AC	2.7918348436	0.0205400346	0.0110835022
AC	0.41421860900000007	0.00495313	0.0100953026
AC	0.1527719461	0.0095625703	2.1126e-06
AC	0.7254291599	0.1626459289	0.0770568656
AC	1.7940808910500001	0.03327549	0.0288311873
AC	2.71827013395	0.0210455443	2.8485e-06
BC	0.28463263910000003	4.1833528912	0.1525388262
AC	0.9875718134	0.0372280201	0.0269461
AC	0.53121080995	0.0765106607	0.0555683571
BC	0.2071211452	4.9849766224	0.277215
AC	0.9992168341000001	0.0800733145	0.141878
AB	1.28175013405	0.2290455645	0.0729147562
AC	1.27538316555	0.0362523612	0.0192705179
AC	3.30553341955	0.0788861281	0.0747723017
AC	3.51227476305	0.3320570598	0.1110499655
AC	1.4213148974	0.0279892473	0.0900351
AC	0.7277474327	0.0556661	0.143983
AC	2.7119335044999997	0.0664976739	0.020293784
AC	0.2160748202	2.2263e-06	0.0117902
AB	0.3404985	0.0158216906	0.0124179335
AC	1.0039743488	0.1017770881	0.041132029
AC	0.17665608655	0.0025069757	2.4816e-06
AB	1.3280863294	0.0	0.297835
BC	0.18024530405	5.9079692408	2.13635
BC	0.0	0.550633	0.00927191
BC	0.04032403535	1.5039894963	0.0283084197
BC	0.22826247295	2.0582719476	0.239201394
BC	0.05672056975	1.0805361429	0.0419066
BC	0.16116546885	2.059	0.2228507767
BC	0.06946722785	4.3649821643	0.2717384387
BC	0.1545053746	1.9969013899	0.587857
AC	2.14766573455	0.0554034242	0.0002219702
BC	0.042641919449999996	0.654432059	0.0769128
AB	0.42393370345000003	0.154229	0.0446481744
BC	0.1669489731	1.4975985009	0.209542
AC	0.48173888835	0.1088029296	0.0561606411
BC	0.00796808565	0.233168	0.0157560191
BC	0.2457863099	1.0885170132	0.1412500574
AB	1.03949760685	0.0852466734	0.0398531277
AC	0.79900332125	0.0628627372	2.0643e-06
AB	0.1638609	0.0112618876	0.0040475959
AC	1.9825502011	0.1081838503	0.0819359577
BC	0.28335007465	2.8113484959	0.1430281975
AC	0.2087054	0.0414285851	0.0059079507
AC	0.23180248069999998	2.8657e-06	0.3858389581
BC	0.18249218009999998	1.0738059383	0.1207262763
AB	0.48507728065	0.1604459326	0.0266557518
BC	0.0053193727	0.435379	0.00918346
AC	1.7932007901	0.0843888715	0.08633025
BC	0.025728497750000003	0.446269	0.0096599632
BC	0.36120926295	1.8309898305	0.1467179725
AC	3.25245479345	0.0526378361	0.0276232344
AC	0.5817869382	0.0262408566	0.0363054153
BC	0.22709880905	1.6812671364	0.1036806741
BC	0.0131019026	0.247386	0.0132394
AC	0.2736781	0.0373525497	0.011253723
AB	0.66030775145	0.0464463735	0.0207727
AC	0.5046310173499999	0.0955229	0.0289057788
BC	0.19071131205000003	10.6248	0.1462390364
BC	0.17773020525	9.9999989683	0.365014
BC	0.34377201560000004	2.8086619461	0.1512127783
AC	1.60915769565	0.0393762533	0.0203305362
BC	0.038847599999999996	0.4057334748	0.0092685944
BC	0.1284452107	1.1109081859	0.0682345604
AB	1.0520121	0.0323252899	0.0094763549
BC	0.0024546797	0.0957891	0.00975204
BC	0.0420188095	0.629041	0.0166678809
AC	1.7657727569	0.0953713446	0.042971593
AC	0.7475065411	0.0991524451	0.0395988
AC	0.372458195	0.0083896595	0.0054993345
BC	0.1954196331	3.75207	0.0291409398
AC	0.7245896318	0.0321330471	0.0370549214
AC	1.0927221344	0.0403439667	0.0336684369
BC	0.1651086558	2.18925	0.0631051
AC	0.047690854500000004	0.014208	0.0290917746
AB	0.26837220205	0.0186661	0.0139531477
BC	0.09301606495	1.54257	0.0081090462
BC	0.0880496982	0.5496504436	0.044593
AC	0.07677779665	0.00884185	0.0088318849
AC	0.21455299605	0.0619743768	0.0212263056
BC	0.0212522429	0.971843	0.0364036646
AC	1.1461761499999998	0.1568233335	0.110909
BC	0.0493357086	1.63557	0.0219865429
AB	1.50759087325	0.16451157009999998	0.0381526167
AC	0.27251626205	0.0145614807	0.0042160353
AC	1.2323837968	0.2743786723	0.1297792501
AC	1.3129395702000002	0.02374852	0.0224612508
AB	0.30389525860000005	0.0382962	0.0297041286
AC	3.67713316045	0.0491231228	0.0306461127
AC	2.2969981061	0.0821766131	0.0292367521
AC	1.62724489695	0.0908167243	0.0663309149
AC	2.0396986637	0.136087	0.0098753184
BC	0.01858379615	3.65238	0.0405317
BC	0.07582432885	2.198025728	0.0259288
AC	1.4778514409499999	0.1030391745	0.115241
AB	0.44873773285	0.0308481	0.0165034481
BC	0.0538752819	1.2823814994	0.176573
AB	1.88419410485	0.1242081543	0.0229530314
BC	0.162978154	1.2767918047	0.0574774
AC	0.5955979961	0.0066449901	0.0097920387
AC	0.97954802075	0.0415321683	0.0556636916
AC	5.34394222175	0.5185903681	0.1519107639
AC	1.47369618895	0.1615959774	0.126908
BC	0.24475451625	6.92259	0.6283516941
AB	0.49105580025	0.0152296909	0.0189739045
AC	0.76497520425	0.0984582726	0.0676792119
AB	1.45369347675	0.1156902097	2.0251e-06
AC	2.3662201823499998	0.048683247	0.035743
AC	3.67632842485	0.0978539165	0.0310575435
BC	0.11759784945000001	1.1989820921	0.0633710267
BC	0.08176071585	3.6865817524	0.126845
BC	0.32700566519999996	7.20742	0.657444
BC	0.0747242518	2.02727	0.029021934
BC	0.16755890815	1.08016	0.1593847878
AC	1.34178772405	0.0271530899	0.0371873929
BC	0.23887457875	10.0679	0.0279255788
AC	0.721152932	0.0098639216	0.0958941
BC	0.07393308465000001	3.8230584986	0.0469736698
BC	0.061642541349999996	2.1283050407	0.0322646819
BC	0.04903317945	3.86656	0.0912904
BC	0.0268670268	0.783874	0.0278341
BC	0.0732705078	0.2516987869	0.0149749586
AC	0.9646368198499999	0.0642016329	0.0124756797
AB	0.56203006335	0.303491031	0.0483714297
BC	0.07785237140000001	2.2334187462	0.0897357285
AC	0.6506802281499999	0.1134005142	2.368e-06
BC	0.05124428585	6.2314897914	0.0248848989
BC	0.0550911913	1.90679	0.0184053344
AC	0.9470734578	0.0493982347	0.0359463
AC	1.00959682235	0.0612470699	0.0886201
BC	0.06349631925	2.04445	0.0107936462
AB	1.7122904717499998	0.570600495	0.2034083297
AC	1.70379593485	0.118999484	0.0735711756
AC	0.2973762229	2.2426e-06	0.0907147399
BC	0.0158828274	0.87846	0.0039516489
AC	1.8356027980499998	0.177006404	0.0844921703
AC	1.2539425625499998	0.0382248114	2.8286e-06
AB	0.18733193495	0.014877699	0.0060564182
BC	0.06510495755000001	1.405867159	0.0551837268
BC	0.2572392346	4.9621754827	0.3390089963
BC	0.34201808985000004	2.4873735871	0.1836260949
BC	0.10622710945	4.6208759493	0.1363239254
BC	0.1455824545	0.9094239894	0.0461043566
AB	0.030103477599999998	0.021607227599999997	2.1276e-06
AC	0.37430982975	0.2969748409	1.11662
BC	0.6533610593	5.9081098206	0.828911
AC	2.1004241594	0.0154351549	0.0157093
BC	0.17358840674999998	1.3083879411	0.0227944582
BC	0.1816750111	2.4665267741	0.1313432486
AC	0.32356355	0.0400336009	0.0373744171
BC	0.1985509381	2.6043584328	0.1165893126
AC	1.1750791339	0.2415532391	0.203879
BC	0.146021913	4.4323335357	2.2693e-06
BC	0.0453662586	0.9907059986	0.0014823138
BC	0.0557670584	1.6507910218	0.107778
BC	0.1837420242	2.1677687133	0.0551756958
AC	0.9120736	0.0464501318	0.0172925492
AC	1.1624247126	0.0393442307	0.031181716
AC	1.4003572531	0.0469349466	0.0288882932
BC	0.13082299669999997	0.935880914	0.0396741007
AC	3.08124869895	0.174723662	0.1040795463
AC	0.42990648755000005	0.0191909789	2.0489e-06
AB	0.5569884984	0.265853393	0.0344985324
BC	0.0239402499	1.16409	0.0088557591
BC	0.0290718233	0.4594243821	0.0225057
AB	0.050037336300000006	0.6605549816999999	1.02757e-05
AC	1.4071924068	0.0511547284	0.0129930425
BC	0.0353605	1.3907298455	0.0459019395
BC	0.10195710745	9.9999983001	0.2162171502
AC	2.5333676381	0.057801778	2.2747e-06
BC	0.01034155135	0.61678	0.010345013
BC	0.040837041399999996	0.3862981943	0.0204797
BC	0.33916617585	2.39827	0.0825611295
AC	3.08670166375	0.218825	0.077699386
AC	3.5119773041999998	0.0411248566	2.1988e-06
AB	0.048600014999999996	0.00406676	0.0034306208
AC	0.2537030894	0.0933868	0.0161517244
BC	0.2058045157	8.30137	0.3590044611
BC	0.0	0.0746391	8.2509e-06
BC	0.27631794725000003	3.968738563	0.1332427145
AC	0.5816164774	0.0804572266	0.0156347184
BC	0.35902107665000005	3.4015060279	0.2907927873
AC	0.557124	0.0877873765	0.1007358381
AB	0.0	4.1556e-06	4.1556e-06
AB	1.171737938	0.4876555685	0.168292775
BC	0.04744319475	1.19665	0.0185537171
BC	0.0	0.246864	0.00264901
AC	0.9580559823	0.0831933561	0.033039059
AC	0.52403073525	0.0168198778	2.2997e-06
BC	0.11976720129999999	0.9165843842	0.0395163
AB	0.64659094065	0.113458	0.0294620371
BC	0.0010313088	0.0611813	0.00837211
BC	0.12737654855	1.76101	0.0323655045
BC	0.43574044725	0.753911	0.115924
AC	0.68061698045	0.0355135095	0.0473860418
BC	0.05255081615	1.5409023534	0.1188
BC	0.21333521950000003	7.52753	0.454531
BC	0.20458817394999998	1.19244	0.3216555814
AC	0.8298665506	0.0203556323	0.017003842
AC	2.0567541362	0.0676009965	0.0257172208
BC	0.15264964725000002	0.923277	0.0368664
BC	0.33887365515	3.59769	0.0655185382
AB	2.9303559999999997	0.2095783552	0.1137521729
BC	0.042718230149999994	0.4750865603	0.0635963
BC	0.12087578724999999	2.0524988456	0.0695137341
AB	0.5318355074500001	0.1110352354	0.0793394
AC	1.0523839045	0.2025798435	0.087903039
AB	0.7562272664	0.19964956760000002	0.0333868588
AC	2.1431525053	0.685062	0.6085425971
BC	0.3223093915	4.3496958415	1.41331
BC	0.02572589325	0.3281653553	0.0435732
AB	1.03793613195	0.022085651799999998	0.0187471981
AB	1.62636009035	0.1506752663	0.018706738
BC	0.054950077449999996	0.1623789971	0.0602975
AC	0.1366692454	0.0076504508	0.0466566
AC	0.8694061097	0.1290139657	0.0916736
BC	0.03301416695	1.4057990285	0.237645
BC	0.12226705319999999	1.1577327444	0.0866779188
AC	0.5979349918	0.1215117039	0.0291055362
AC	0.33792079680000003	0.0085146466	0.0106098429
BC	0.00425978725	0.202247	0.00412432
BC	0.13409742645	1.4653042139	0.143619
BC	0.0237655005	0.439255	0.0025772639
AC	1.8136920243499999	0.0661815557	0.0204130704
AC	2.0000121531	0.0875431489	0.0771859
BC	0.04973933055	7.54048	0.0611100865
BC	0.07085851024999999	0.3677938286	0.0288175197
BC	0.065616279	3.0763879322	2.9695e-06
AC	0.81666243765	0.0985650931	0.0739374612
AC	1.7090782797000001	0.1278688351	0.279094
AC	0.8587880622999999	0.0256277291	0.0669561
BC	0.0144088372	0.399688	0.0163165
BC	0.0029501273	0.2647529529	0.001668182
AC	1.5509947925	0.0607444023	2.4039e-06
BC	0.10650947350000001	1.7335507311	0.0136592946
BC	0.25690561019999997	1.2351032382	0.1444048348
BC	0.39589077944999995	2.1536793012	0.394035
AB	1.2835296425	0.1057254995	2.7505e-06
BC	0.259859823	2.0032791501	0.340268
AC	0.9552504199	0.0506656195	0.113885
AC	5.043571325549999	0.3030355061	0.378436
AC	2.6836320882	0.1836593737	0.0925402933
BC	0.19886054455000002	1.2622841588	0.185037
BC	0.09382582135	1.52816	0.0433935284
AC	2.27226575465	0.1080209059	0.0046407757
AB	0.7777653918	0.0557472927	2.6472e-06
AB	0.83086551135	0.0802952405	0.0652658
AC	1.33844284665	0.0611734465	0.0177411079
BC	0.4083813954	1.5945190692	0.189461
AC	2.22320045245	0.1170043364	0.0404785107
BC	0.08090265785	0.7356963206	0.0436882563
BC	0.6456436406	6.51402	0.0408693471
BC	0.06397159414999999	2.212444424	0.0456026911
BC	0.026707760499999997	0.859381	0.0115676893
BC	0.2559744201	0.9782122403	0.1127756753
AC	1.2480413428500001	0.0506456521	0.108059
AC	3.20546846575	0.100943321	0.1412335684
BC	0.032349213700000004	0.609328253	0.0415283
BC	0.16322194904999998	4.210246621	0.0371145857
BC	0.10500108275	1.03728	0.0389134932
AC	5.4873119225	0.2090118271	0.0613550996
AC	1.044963731	0.3339210542	0.104825
BC	0.17735382859999999	10.184	0.36067
BC	0.25767174974999996	1.8131157144	0.326534
AB	0.18833228345	0.0268235189	0.014035
AB	1.7723752557999999	0.073091178	0.0232943848
BC	0.02173026805	0.8101225779	0.039594
BC	0.22110884209999998	4.2400684516	0.087651303
AB	1.59581786315	0.1548143736	0.0769626178
BC	0.0162318	1.31625	0.0265810353
BC	0.20071068729999997	3.0962778924	0.2717623392
AB	1.17235530215	0.1282836121	0.046617499
AB	1.0721152034	0.4074849768	0.0560879188
AC	0.6009334691	0.0288173235	0.0134719462
BC	0.0268695403	0.729794	0.0136570596
AB	0.41594145	0.0601389	0.0227471785
BC	0.050298062399999996	2.2892862485	2.4815e-06
AC	0.2943788221	0.0112709087	0.0022211861
AC	1.64965781005	0.274061	2.5156e-06
AC	1.5363955060999999	0.0998974456	0.0849536414
AC	0.70880095705	0.0575643605	0.0300847333
AC	1.62693118325	0.1694861784	0.0698025825
AB	1.275128699	0.12170230750000001	0.0140611498
BC	0.13035958485	0.7509065328	0.6306353517
BC	0.061932259899999995	2.4451982014	0.3707729012
AC	0.5446318002	0.0186752252	4.7759e-06
BC	0.0284172313	2.83459	0.0314901
BC	0.0227622202	0.2500142582	0.0166087787
BC	0.28208037644999995	2.2610650055	0.1164713047
AC	0.91488216745	0.1406277003	2.2255e-06
AB	0.7821899709	0.345172827	0.0815830895
AB	0.6190123177	0.0149167	0.0134367382
AB	0.9037371779	0.6037917937	0.1951435533
BC	0.17818989195	6.2049274613	0.2463051544
AC	0.4798157937	0.0211798424	0.0161545788
BC	0.11959505765	0.7045542542	0.0280424549
BC	0.10548889375	0.6160959028	0.0862278
BC	0.29799608215	1.6527939031	0.1267743545
BC	0.24454046100000001	1.2282054574	0.143823989
BC	0.01220586955	1.25448	0.00514209
BC	0.16312903455	1.9070865336	0.1987376232
BC	0.1021256898	1.23902	0.0255390223
BC	0.00967901715	0.5168802188	0.0184669673
AC	0.6450185033	0.0153745078	0.0260472459
BC	0.0329779557	0.772262083	0.0216015431
BC	0.07445757365	0.8190735114	0.0521575
AC	0.64591165365	0.0511937512	0.0542731
BC	0.12499344945	1.1925059609	2.2524e-06
BC	0.0728256107	4.7312473901	0.066878
AC	1.3220431756	0.326783	0.245216
AC	0.11964344064999999	2.4073e-06	0.0527382
AC	1.7671963896	0.0753331187	0.0526109
AC	0.8476016246	0.0361369083	2.6293e-06
BC	0.01926851215	0.539138	0.0037869001
BC	0.21940501725	0.8322293252	0.0003229639
AC	1.51486778275	0.1166319959	0.0997622778
AB	0.06742382999999999	0.00635619	2.8568e-06
BC	0.15412347170000001	2.12524	0.0983827
BC	0.13439742455	0.564402	0.0252509816
BC	0.19020998570000003	2.0874963531	0.0812719178
AC	5.1383610524	0.895262	0.9704770129
BC	0.11214174255	2.40986	0.143826
BC	0.037620294799999995	1.104292438	0.0324209889
BC	0.4858332397	0.9974637093	0.2776781904
AB	0.42675772855	0.2901016331	0.0868516259
BC	0.04279149655	2.18757	0.0572666
BC	0.030485892350000002	0.4362228757	0.04923725
AC	2.0586704501499997	0.0516980407	0.0154515704
AB	0.17622628585	0.0482797	0.0180172
BC	0.48184555895000003	9.9999989788	0.560179
BC	0.05370540085	1.3746521639	0.0143323098
BC	0.3969271063	2.698280323	0.2153708284
AC	1.78066426475	0.0975019768	0.141367
AC	2.4354251686999997	0.077693723	0.0562131744
AC	0.87911033475	0.0063786695	0.0093680896
BC	0.1096151762	7.2910127342	0.1224128658
AC	1.0896857277	0.169567	0.032115792
AC	0.17047538504999998	0.00252802	0.0305961193
BC	0.049587055399999996	0.446914	0.0350848
BC	0.20713231285	2.5075178732	0.326019481
AC	5.0662588301	0.197503	0.160615241
AC	0.1583440582	4.8739e-06	0.007915241
BC	0.05089046465	1.429611002	0.0050500475
AC	5.36754255375	0.712728257	0.0257583964
AC	1.25980320925	0.0765324039	0.0672299
BC	0.44812643114999995	3.8908502638	0.3662505741
BC	0.23452096384999999	1.5770033811	0.1079023097
BC	0.01479562605	0.641153	0.004392824
BC	0.15650163465	2.41773	0.0297700428
BC	0.0	0.0258948976	0.00611963
BC	0.4377566399	2.1686145293	0.2054816842
AB	1.9168573165	0.4364457115	0.0584493632
AC	0.31717479304999996	0.0286041975	0.0176917899
BC	0.319828641	1.70597	0.2835944865
BC	0.22774066129999998	1.6524662038	0.122918
AC	1.0097214164500001	0.113097	0.1046183595
BC	0.007790526	0.246867	0.01064643
AC	1.54460008345	0.343552196	0.1259157493
BC	0.43532713205	1.4921445206	0.1360771756
AC	5.01135249635	0.0200996898	0.0007411405
AC	6.00060120685	0.2512709975	0.167334614
BC	0.01432080465	1.45292	0.0064217448
AC	0.7494675	0.1760088361	2.9462e-06
BC	0.03650414635	0.59936	0.0037673153
BC	0.8665602156500001	3.9054652461	0.1467878698
AC	0.5227897165500001	0.0258505084	0.0159753
BC	0.04869490015	0.236576	7.1312e-06
AC	0.37828615000000004	0.0309749701	0.0167704812
AC	1.58234962025	0.0270837549	0.0205222334
AB	1.4157232939	0.12013831570000001	0.0295021665
BC	0.20682901555	0.8071660186	0.0477484345
BC	0.07065112825	2.93494	0.0173981033
BC	0.1416944062	1.1124374178	0.0885451962
BC	0.012167021049999999	0.353226	0.0084595708
BC	0.054195339950000004	1.5507044161	0.0200181002
BC	0.16416824905	2.2552094854	0.2064184186
BC	0.18563277320000002	2.86826	0.1209903214
BC	0.1028475168	1.0963383842	0.0836090672
BC	0.0132073466	0.2215003107	0.0074564095
AC	0.816198726	0.0381486863	0.0369284
AC	0.5415870110500001	0.0224243308	0.0219663679
AC	0.24687440354999998	0.0202995388	0.0132266
AB	0.94475545765	0.169884143	0.0711332
BC	0.10570840395	0.4158842912	0.0852672811
BC	0.10955289915	0.5933647652	0.0765198
BC	0.02620270175	0.616164	0.0044390723
BC	0.1200307428	0.2286882482	0.0189893568
AC	2.12039388925	0.2011440679	0.325571
BC	0.00501490865	0.339308	2.1173e-06
BC	0.30562478530000003	6.4711151356	0.458378
BC	0.042128710900000005	1.1542894139	0.0482121
BC	0.1967702906	1.7514739512	0.1444364681
BC	0.11972266874999998	2.20764	0.038914549
BC	0.12736737805	2.058387605	0.1773025458
BC	0.15470900875000002	2.6950501436	0.0676642635
BC	0.11253956704999998	1.2672098624	0.140239
BC	0.12980282925	1.7442187429	0.1317708556
BC	0.03717739215	0.6220598797	0.0241439108
BC	0.11182469814999998	3.74336	0.0360001
AC	2.1393662975	0.0294346081	0.0311366685
AC	4.48087986065	0.2886135768	0.167893513
AB	0.62575716235	0.0787277141	0.0476300426
BC	0.15217731405	1.6527657565	0.0354022806
BC	0.19756794090000002	3.60091	0.3662002307
BC	0.19717336179999997	3.66398	0.526439
BC	0.09368723695	4.2173402201	0.1389801175
AB	0.45316570899999997	0.1730425415	0.029313478
AC	0.33439405	0.0036483729	0.0159647
BC	0.057618527749999995	0.5373574052	0.0254135326
AC	2.3175400890500004	0.0734820716	0.0387513115
BC	0.0584840076	1.7822769399	0.0650619
BC	0.06589294935	1.0659900485	0.0564688063
AC	5.1484192652	0.1079145111	0.0718822911
AC	0.80379120345	0.0492852422	0.0506588
AB	0.17218054645	0.2200958896	0.00640536
AB	1.0978869265	0.17830758789999998	0.0569986266
AC	3.5107145038499996	0.1479996131	0.0920053699
BC	0.0082657023	0.728694	0.0300511
BC	0.44470307655	9.12188	0.1544807725
AC	0.413712	0.0335740872	0.0067368201
BC	0.2608026656	1.7209591938	0.407791
AC	3.8022850402	0.1926347343	0.211422
AC	5.10254691275	0.0806142892	0.050877759
BC	0.26600016465	6.4312210148	0.1847637608
BC	0.039368317449999995	5.44916097	0.0363782756
AC	0.54895778475	0.0771018102	0.0866147
AC	0.19715386145	0.0227595574	0.0097521049
BC	0.0	0.1040646641	0.00642686
BC	0.168632122	3.1418331422	0.0948166843
AC	3.915865954	0.0577024822	0.0217582753
AB	0.43567295	0.15799336179999998	0.0243620122
AC	2.2382095281	0.0533450892	0.123355106
BC	0.12052725849999998	1.5018094016	0.0121624179
AC	0.95998598025	0.0950812809	0.0047441691
BC	0.046358696850000006	4.7483597498	0.0285666521
BC	0.10531105704999999	0.319378857	0.0323782813
AC	2.0663841499999998	0.273832	0.000423875
AC	0.21621972155	7.0068e-06	0.0192018
AC	0.7581448008499999	0.0589358989	0.0143344787
AC	0.7199783839	0.1457560681	0.064644132
BC	0.1109722062	3.33994	0.2811356548
BC	0.07483179715	3.737697361	0.268533136
BC	0.2606154296	2.7025676612	0.397669
BC	0.0185292	0.626599	0.0025537308
AC	1.3499164879	0.0472118136	0.0215568145
AC	2.5859866987499998	0.0508511555	0.0141531
AC	1.42743669805	0.2155740456	0.1111263591
BC	0.05630457794999999	1.12065	0.038458
AC	1.03036609465	0.0916359304	0.1172631657
BC	0.0744670191	2.0674059103	0.0396545
BC	0.13514914275	0.8098341915	0.1318276692
AB	0.5449394898500001	0.0526117034	0.0117402438
BC	0.0441906709	0.9425546639	0.0528706
AB	1.87864333235	0.0443793	0.006869107
AC	0.8243587157000001	0.1480621614	0.122488
AC	1.1504498775	0.2164916328	0.449147
BC	0.0	0.1969917301	0.0075784
BC	0.1605916011	4.26254	0.0503141176
AC	0.9210428349500001	0.1551328162	0.185687
BC	0.1376190915	1.9086449824	0.0178999765
AB	0.12339259749999999	0.0487782	0.037041
AC	0.4782137792	0.0226394593	0.0768536
AC	0.4815273065	0.0952016905	0.022573974
BC	0.42538381594999997	1.95964	0.1462061671
BC	0.0036653314999999997	0.112762	5.403e-06
BC	0.2496777158	3.4919116291	0.1925954397
AC	0.38310464104999997	0.0153206343	0.010168
BC	0.088294947	1.07399	0.0162548874
AC	0.1131114	0.0144977593	0.008745143
AC	1.2263219071	0.1778539307	0.0587120674
BC	0.052149310549999994	2.7438850907	0.0211596711
AC	1.37587664255	0.1170362799	0.395083
BC	0.06281749195	2.0998179238	0.0242360944
BC	0.00510766905	0.347818	0.0054423698
BC	0.06991872169999999	0.5922584619	0.0696136
BC	0.11141926385	1.7404508692	0.0778809156
AB	1.32853191545	0.34416827759999996	0.0955000181
AC	4.1679909970499995	0.0416867538	0.0715882
AC	1.93216152355	0.0388519089	0.0091926923
AC	0.95922825335	0.0652524463	0.121939
AC	0.72622395	0.0268441519	0.0219773861
BC	0.0403529067	0.5115260081	0.0357856
BC	0.18463274755	1.3258617848	0.1240971235
BC	0.0495000473	1.15908	0.0871931
AC	0.6469166947	0.0281482403	0.025823
BC	0.012275718500000001	0.7660234059	0.0201452545
BC	0.14513951525	2.64798	0.0386368094
BC	0.0351577882	1.33383	0.0099371036
AC	1.2076795539499998	0.0701400704	2.5131e-06
AC	2.3789926054999997	0.0364530182	2.6575e-06
BC	0.21721570455	10.156	0.240616
BC	0.010867859700000001	0.3227959228	0.0049763
BC	0.2691465285	2.64416	0.069109068
BC	0.02918665915	0.547627	0.0089845113
AC	0.5586702654	0.124391	0.020274675
AC	0.93326644895	0.040071499	0.0179889223
BC	0.0220188318	0.5525084801	0.0449904
AC	1.90569895495	0.0849719548	0.0246219
BC	0.2308456138	2.10779	0.1254714937
AC	0.4364435553	0.0333934293	0.0164419625
AB	0.11411576694999999	0.008789403900000001	0.00327782
AC	1.4892744181	0.2249722522	0.0688606241
BC	0.08577639875	1.3490684088	0.0228400324
AC	1.71228053965	0.0478013023	0.019892261
AC	0.20612198925	2.8589e-06	0.0286586
AC	0.54214553115	0.0949350292	0.123055
BC	0.07173983785	1.8062612804	0.0685806325
AC	2.12464585055	0.2957403596	0.184333329
BC	0.08185662064999999	5.3432	0.1713452734
AC	0.515219	0.2143291605	0.0295737012
AC	1.3748484373499998	0.0297452519	0.0194641978
BC	0.05153409105000001	1.93262	0.0330578
BC	0.13992623115000002	2.2291235002	0.1319551006
BC	0.057073150249999996	3.0796898133	0.170236
BC	0.13806868195	1.19392	0.0558427103
AC	3.25752146535	0.0710081719	0.0444966796
AC	1.8097448113	0.1154178885	0.0940727522
AC	1.2770774409	0.252055	0.0339685303
BC	0.14825134355000003	3.2987976009	0.388045
BC	0.1038870468	1.7589492514	0.0368195981
BC	0.0855569858	0.6240274168	0.0500105684
BC	0.04039321	1.2813047523	0.100048
BC	0.09953018075	0.987401	0.0432564803
BC	0.38376707990000003	4.9617493914	0.487435
BC	0.0	0.0803338	5.1244e-06
AC	4.8953898329	0.2062763281	0.2335865269
BC	1.5170195826000001	0.8142488746	0.294617
AC	0.95276174565	0.053562548	0.0202215482
BC	0.30945178725	0.6274410723	0.0721982
AB	0.8365592166	0.0510786383	0.141691
BC	0.05847646455	2.59054	0.1947012422
BC	0.45288998415000004	3.5840397265	0.4087437382
AC	1.00799592875	0.1156663353	0.110326
BC	0.20503814235	1.7249836604	0.1495484426
AC	0.5930532283	0.170424	0.1406051858
AB	0.5516921141000001	0.053795462300000006	0.0097358746
AC	1.325860633	0.0314353355	0.0094592612
BC	0.34215483550000003	2.8774694335	0.2132541991
AC	1.2215187556	0.2358068553	0.065816371
AC	1.0522973944	0.0848606665	0.0442122829
BC	0.09941333690000001	0.9706023926	0.0522296
BC	0.3000043608	3.25529	0.146598
AC	0.53004253855	0.1184537016	0.0287650849
BC	0.0	10.6228	2.054e-06
AC	1.67629347405	0.0589882063	0.121477
AC	0.43400177235	0.0078313384	0.00817283
AB	5.6470493908	0.708243113	0.461407
AC	1.47946583145	0.0972157949	0.0236391759
AC	0.22821680114999998	0.0273772893	0.0103787065
AC	1.5012944277	0.1249396385	0.0283688222
AC	1.1793517764500001	0.122587971	0.0676285544
AC	0.8966610657499999	0.1756	0.028368285
AB	0.47892938895	0.0602114075	0.0175899872
BC	0.0517642643	1.1750886282	0.219601
BC	4.2086e-06	1.28201	0.0644198
AB	2.1339755	0.4393286752	0.0729891332
AC	1.5963289335	0.356963	0.1575695941
AC	0.30746114705	0.0	4.5378e-06
AC	1.238049994	0.1052759587	0.111097
BC	0.49115956645000003	6.1229476021	0.144050264
BC	0.12925427965	1.3385423875	0.182282
AC	0.8343750576000001	0.0505710114	0.207385
BC	0.03913539675	3.0564789275	0.0199916713
BC	0.04986851195	0.61645	0.0102904069
AB	1.78417276095	0.2384672282	0.0446644734
BC	0.21779923229999998	1.4623489915	0.0619175201
AB	0.32296089675	0.0593258	0.0100142826
AC	0.1876839	5.3688e-06	2.6844e-06
AB	0.89003424445	0.1376272595	0.0412222909
AB	0.27522778935	0.113668	0.0476952
BC	0.11842423590000001	3.25308	0.0546699
AC	1.50225368065	0.0272621054	0.0292947347
BC	0.11972839145	4.2068843169	0.1519197282
BC	0.26396556095	0.9320439597	0.130955195
BC	0.32160855699999996	4.4951152159	0.1186799639
AC	1.0855878872	0.0392522689	0.0194456681
AB	0.501627	0.1526741865	0.0334503729
AB	0.1724805	0.015154	0.0125745
BC	0.10293103249999999	2.02966	0.0431022
AB	0.229422086	0.0511382	0.010997511
BC	0.48004027650000003	7.0870852108	0.74658
BC	0.0246213905	0.8480920094	0.0514487
BC	0.0464819193	0.78833	0.257461
AC	1.1116319571000002	0.0663854929	0.0315785652
AC	2.32608289045	0.2136836202	0.0794531958
BC	0.39944252150000004	1.5788616363	0.293321
AC	0.20228849999999998	0.0405920881	0.0014422055
BC	0.0766653014	1.83232	0.22707
BC	0.18651755009999998	0.8268847698	0.0852896429
AC	2.5113671498	0.1777407622	0.0622607
BC	0.10368708025000001	3.3404217724	0.0232605639
BC	0.02028741865	6.10554	0.0527648017
BC	0.0	0.140214	4.0264e-06
BC	0.1450968277	2.09448	0.3011469932
AB	0.38729781055	0.0462181	0.0234832
AC	1.49989754625	0.3064632787	0.1029679298
BC	0.1852911486	3.2045403146	0.3170118321
BC	0.7985025359	9.9999986867	0.4431382809
BC	0.00404648495	0.166333	0.00992217
BC	0.11107484580000002	3.6068501023	0.0654232441
BC	0.14570247120000002	2.74941	0.2730389122
AC	5.5394925563	0.579037	0.0802571501
AC	0.1684827895	0.2721324855	0.122726
BC	0.5054610055500001	2.8306157521	0.1906678841
BC	0.031098636399999997	1.0925174994	0.0113179471
BC	0.30354364535000006	1.2711138132	0.026066995
AB	1.03356366325	0.0400510576	0.0128717775
AC	0.46225171075	0.0837492678	0.0248588869
AC	0.38794802565000003	0.0635999207	0.233066
AC	0.52941536065	0.1164681316	0.0907014
AC	4.51908625215	0.18169019	0.279164
BC	0.01672520295	1.1799323367	0.027186
AC	2.0153238165	0.332569	0.4042147955
AB	1.4328966172	0.1074480546	0.0678239968
AC	1.37401813845	0.0582262908	0.0103917166
AB	0.9468517126	0.16131594100000002	0.0980795
AB	0.3968096185	0.0288653	0.0059953358
AC	0.40900410735000003	0.0518874303	0.0145413376
BC	0.0275740909	0.6820186098	0.0775938435
AB	0.4416722575	0.08173171459999999	0.0127378258
AC	1.0205083961499999	0.0698026222	0.0164480699
AC	0.33841231330000004	0.0520495095	0.0201389517
AB	2.61005035555	0.9185894887	0.170553951
BC	0.0069320397	0.717208	0.0012269488
AC	0.8830009272	0.0360490497	0.0247713939
AC	1.1355640907	0.0284433483	0.0140174347
BC	0.0518998165	1.8454162951	0.0501012291
BC	0.05146131695	0.604016	0.0384380504
BC	0.1078891554	0.4689543689	0.0207354
BC	0.07121904515	0.6600202224	0.1309221308
BC	0.036015463750000004	0.710628	0.0108515632
BC	0.46062155555	2.35096	0.0336571269
BC	0.09359104239999999	1.7096	0.047605352
BC	0.08492900415000001	1.67826	0.0156945482
BC	0.08284606605	3.0123392238	2.0083e-06
BC	0.1346718997	1.8197540544	0.0736662791
AC	1.3960785367500002	0.1391423733	0.180626
AB	0.5192177681	0.0502661923	0.0594395
BC	0.28799632635	9.74293	0.311234
BC	0.05742545435	1.13303	0.0609212
BC	0.23941347359999998	1.27793	0.400158
BC	0.0	0.2799847328	0.002728
BC	0.07243904884999999	1.4012483314	0.0495207861
AB	0.40461273189999997	0.3283170971	0.0278103126
BC	0.26370935645	2.3001547607	0.2433923814
AC	0.7178649369	0.1316389576	0.0550388152
BC	0.0351237555	1.50713	0.0358865
BC	0.06012580225	0.763265	0.0105212604
AC	0.08335609245	0.0017499128	0.0011186424
AB	0.27352385	0.0381426094	0.0202071596
AC	0.41602972845	0.0475835	0.0115724438
BC	0.04109047055	0.776153	0.0951506
AC	0.988993	0.1438426762	0.0209893076
BC	0.02562231	0.4105975293	0.0226922348
AC	1.1719916897	0.0869130624	0.0308466452
BC	0.69250739405	2.6752571637	1.01838
BC	0.32934509515	1.4778735058	0.1234000442
AC	1.25993486675	0.0922477747	0.114312
AC	0.7155922427000001	0.196032	0.0932682032
AB	0.46304094999999995	0.0397204339	0.0210541325
BC	0.01332409045	1.22475	0.0608845
BC	0.60654631495	2.3992136869	0.3483621511
BC	0.08551848840000001	1.7484581409	0.0772923
AB	0.77356376205	0.0949584644	0.0153262812
BC	0.027287572700000002	1.6157	0.0682727
AB	0.41280042915	0.0626858	0.196279
AB	1.4005841955	0.26334197989999997	0.2094965838
BC	0.0476744293	0.7050694038	2.9207e-06
AC	1.3535262070499998	0.1776482905	0.1865
BC	0.2749207355	2.73005	0.1136745826
BC	0.09396571675	1.460418664	0.304346
BC	0.09688971525	2.6224901103	0.100705
BC	0.0434971335	1.30977	0.0340554
BC	0.20836476925	1.3075453935	0.1412230653
AB	1.3263443663999999	0.2583483119	0.205102
AB	0.07947597245	0.0034791	0.0033867
BC	0.16914081814999998	1.36279	0.0383807551
AC	1.92915930515	0.0598935522	0.209842
BC	0.1392644636	1.7238771618	0.106332
BC	0.2913142435	2.7330874561	0.1646933497
AC	0.9576069375	0.0924235519	0.0799062
AC	1.3824643152	0.1419414831	0.0384426853
AC	1.3575518131	0.0198018483	0.0217909762
BC	0.027838262849999997	0.5387342624	0.0117463079
BC	0.09430971804999999	1.93136	0.0470195
BC	0.1340223974	0.7933929264	0.0969218163
AC	1.78645944025	0.0830483791	0.0256021076
BC	0.034557245199999996	0.2316133186	0.0320932
AB	0.25919941585	0.08507612379999999	0.0035377284
AC	0.5088832487	0.0842818845	0.367073
BC	0.541004872	6.1774	0.1637146043
BC	0.10418411825	1.27624249	0.058230783
AC	0.38352303239999996	0.0065975954	0.0073029244
BC	0.4297436294	2.67478	0.2718202917
BC	0.13210420985	3.39282	0.1782117356
AC	0.7108184345499999	0.0331846855	0.0489005
BC	0.0475951191	0.735996061	0.0289542576
BC	0.38495332439999996	3.7743071872	0.568795903
BC	0.03763703305	0.67414	0.0677392
BC	0.17482932885	2.6555077961	0.124497
AB	0.73337091795	0.1245307089	0.0563588716
BC	0.14062499899999997	2.1366017634	0.0193292833
BC	0.11663150554999999	1.5775474314	0.0733042054
BC	0.0	0.0684515	0.0
AC	1.4646577322	0.0294472436	0.0153485056
AC	1.3877226163	0.1476425355	0.327696
BC	0.0572682865	1.72955	0.0559254
BC	0.0619591949	0.653147	0.0852109
BC	0.16979208185	2.2144785661	0.030689307
BC	0.0532610194	3.6975032426	0.061411958
BC	0.09840805615	1.0309782216	0.1283345165
BC	0.078181505	1.8564328561	0.056932948
AB	2.9766998237	0.1672568234	0.0396791921
AC	1.8550285066	0.5559217611	0.1803000004
AC	1.1406437336	0.0819096899	0.0187346194
AC	0.94489557225	0.0336052628	0.0129152837
AC	1.16059424595	0.0193477801	0.0061338386
AC	2.9019644635999997	0.2374949355	0.125278091
BC	0.3201983984	3.25306	0.2691090159
AC	0.7168555662	0.0835640044	0.0816291
AB	0.67974950045	0.4879689801	0.0586051604
BC	0.12951007305	1.0829	0.0244929531
BC	0.038731343300000005	2.1146412281	0.0432503472
BC	0.1934696316	3.71883	0.356509
AC	0.6441089225	0.0718640395	0.0117843777
AB	0.18359601979999998	0.0790725503	0.0988330982
BC	0.15112092245000003	5.6542806119	0.4140362621
BC	0.08858206404999999	2.1165270704	0.0752334983
AB	3.0126825	0.7201603267	0.1167082811
BC	0.29518209845	3.6536542172	0.465697
BC	0.0042837019	0.483492	0.016163
AC	1.7913960222	0.1765178161	0.0296533922
AB	0.71843941195	0.3022503683	0.0593848808
AC	1.3920313812	0.3274437598	0.364319
BC	0.2364716118	1.7327889352	0.1311647056
AC	0.4971087213	0.0341508806	0.0350442367
BC	0.06339696289999999	1.87869	0.0657426691
AC	0.66693655735	0.0247506035	0.0426907
BC	0.25732668445	9.9999988097	0.304926
AC	0.7024786267500001	0.0515716336	0.0418702574
BC	0.039419381200000006	1.0111239076	0.0287934442
AC	2.3917006121	0.035824038	0.0212283812
BC	0.09988633194999999	1.1613	0.305494
BC	0.11867871095	2.4137281043	0.0728636589
BC	0.34839014645	3.9744204374	0.1573789586
AB	0.8135018454	0.0637615736	0.027098002
BC	0.0420689654	0.976326	0.0693441411
BC	0.52887754455	4.09313	0.502075
AB	0.9905588203	0.048260687700000006	0.0393121098
AB	1.07788431445	0.2929736192	0.129576386
BC	0.217769203	2.0621727681	0.2327723799
AB	5.00000044035	1.0577502256	0.3411150614
AC	0.32031119265	0.0225268	0.034104248
AC	1.0793463666	0.08686106	0.0535306133
AC	1.4977970252500001	0.1089515526	0.0366170544
BC	0.15629781755	1.9210873963	0.1166804778
BC	0.10895053135000002	0.6411848426	0.0904955092
BC	0.020029265	0.6593539064	0.0030385255
AB	1.4630381899	0.3488008998	0.0784823067
BC	0.02176849775	0.106791	0.00387065
BC	0.0083709193	0.186977	0.024512
BC	0.3086340198	3.3446382088	0.1844599829
AC	0.5996243359000001	0.0449091438	0.14881
AB	0.5055395749	0.1493174403	0.0525622227
AC	0.193199981	0.0318269	0.0167351
BC	0.5225000352	2.1970426528	0.4805215886
AC	0.6696890806	0.1079096735	0.0611323
AB	1.88158842615	0.2324835314	0.1306641141
BC	0.2562613612	2.75182	0.5607074553
BC	0.40079056915	1.0815815728	0.1257176123
AC	0.69499478635	0.0259737808	0.0311384031
BC	0.60384157365	5.46505	0.0030712649
AC	0.10091053535	5.0736e-06	0.0037604642
BC	0.19714891564999998	4.37971	0.0691354511
BC	0.2533306037	0.7950901802	0.2099189228
AC	1.4149650070500002	0.0928858291	0.0857725914
BC	0.5312030426000001	9.9999989459	1.34818
AB	0.50353013875	0.055905956	0.0172173206
AC	0.81491190955	0.039154982	0.0546417973
AB	1.91348427905	0.5085246057	0.075045369
BC	0.07758499745	0.9980857789	0.0559503
BC	0.12335523379999999	4.69443	0.11801
BC	0.25979480634999996	1.6954954907	2.9495e-06
AC	0.34588911	0.0380336095	0.0124385847
AC	0.7513294127000001	0.287578	0.276732
BC	0.02236745695	0.4504609331	0.0482061
AC	0.3338403873	0.0329411339	0.0188954786
AB	0.1444452428	4.0002e-06	0.0087420882
AC	2.0734698091	0.278460235	0.215981
AC	1.4199056218500001	0.1488421182	0.116867
BC	0.0341188323	0.7975283777	2.9703e-06
AB	5.15250877735	0.16917803369999998	0.0620273
AC	0.61671772515	0.0344298024	0.100371
BC	0.14071054640000003	0.4870788474	0.0648701065
BC	0.39348886299999997	3.45828	0.2115097173
BC	0.04105396775	1.031307901	0.0304170295
AB	0.7184521626	0.1655531021	0.131784
AB	0.493901	0.0534458	2.6952e-06
AC	0.9145518638	0.0160489266	0.1769774799
AC	0.0395545163	6.8385e-06	0.0021774085
BC	0.26649140885	2.6942291562	0.2142118793
BC	0.25091108289999997	0.199145	0.0256861059
BC	0.18172060085000002	0.7538404782	0.0560015868
AC	6.1835626134499995	2.265e-06	1.70856
BC	0.1249033	0.532662	0.0818676
AB	0.3236905189	0.2022709875	0.0602361706
BC	0.11105955825	0.852383	0.0278028262
AB	1.8662740814	0.7399427411	0.156973
BC	0.3624117114	1.4641922796	0.311768
BC	0.13488283595	3.0801	0.4253612367
BC	0.3667199706	2.3493604629	0.2685999505
AC	0.6080293836	0.0355043923	0.102672
AC	0.129431544	0.0075122385	0.0464103
BC	0.0	0.0770383	4.1368e-06
AC	0.7315410514	0.121368	0.0609161943
BC	0.1139139404	1.666651809	0.0765105436
BC	0.25376739924999997	1.9513049604	0.0533972379
BC	0.5774321293	1.3616664172	0.584573
BC	0.3690809986	1.294346501	0.2017709237
AC	1.0295008761	0.0767587776	0.0351546068
BC	0.2014528364	2.31282	0.0319523023
BC	0.3126738673	4.0366388724	0.1690313182
AC	0.5567977031500001	0.0446431067	0.0109739207
BC	0.2142270884	1.18683	0.1191808645
BC	1.6302510807	9.9999980112	1.6203747887
AC	0.8583222171	0.0237064648	0.0144282642
BC	1.9020426178999998	9.9999989816	1.8634338594
AC	1.19690159935	0.0854155877	0.101466
BC	0.1159311645	6.87989	0.0504672567
AC	0.9329875223999999	0.051066	0.0130355
BC	0.25508367335	2.71138	0.0317745493
BC	0.00749453615	0.527445	0.001611373
BC	0.013958717450000001	0.445834	0.0138597
BC	0.6492985874	9.0538516323	0.217025
AC	0.48461703975	0.036800192	0.0163381178
BC	0.0884459673	1.846166837	0.0684165874
AC	5.2778708392	0.400152	0.0927332084
BC	0.33127626354999995	2.11562	0.609065
BC	0.002719778	0.203072465	0.0026231448
AB	0.38123813075	0.0325706	0.0214625
AC	0.4481229068	0.083034699	0.0217501712
AC	0.9373475587000001	0.092744035	0.0438158236
BC	0.09147451085	1.1813015836	0.068988889
BC	0.39995602410000003	1.6902529873	0.1784662078
BC	0.24060531745	0.1443960744	0.0710788404
AC	1.2660217615	0.1192279147	0.1401094467
BC	0.3119215494	1.4836666475	0.1916420602
BC	0.046733000649999995	0.619711166	0.0520418
BC	0.2002793035	2.1322102801	0.1121000564
BC	0.1388	0.3978261746	0.0201922273
AB	5.90901786425	5.0971622219	5.16402
BC	0.00612583945	0.163457934	0.00585669
BC	0.1303112363	1.1924935252	0.0310970603
BC	0.03997877605	0.6492908555	0.0405961
AC	0.19271425320000002	0.0073325913	0.0186612
AC	3.3117310376	0.1515930399	0.113849949
BC	0.1257858727	2.943543568	0.088621452
AB	1.42902603045	0.1569984554	0.0599164305
BC	0.34084134715000003	4.3994462703	0.2892354331
BC	0.1240219711	2.0973234193	0.164872
BC	0.05939224855	3.37239	0.0333722
AB	5.05149943585	0.0826156242	0.0447810016
AC	1.0830862940500001	0.1455168345	0.0207707652
AC	2.16737634815	0.0565570322	0.0790174906
AB	1.88499715145	0.0732327896	0.022340451
BC	0.1137386527	0.8100932357	0.0452853897
AC	2.4015199812000003	0.449507	0.08506921
BC	0.29598518125	3.07967	0.2126799738
AC	2.0793635628	0.1458620553	0.0982133032
BC	0.01939001175	0.559669	0.0512267
AC	3.2122469778	0.181836	0.0130363668
BC	0.2235787039	1.4929531012	0.379016
BC	0.0950439208	1.315037034	0.167175
BC	0.15892850895	1.4237077014	0.0201515746
BC	0.19924951115	1.3264574747	0.1588
BC	0.28393370875	4.5277233761	0.1996719094
AB	0.07543201699999999	0.0122032	0.0484159
AC	0.33164172729999997	9.7827e-06	0.0025047843
BC	0.0241763553	1.4873688831	0.0382729756
AC	5.3973635129	1.45989	0.168232783
BC	0.03302983765	1.98899	0.0232556
BC	0.15251905075	3.2793390707	0.27713
BC	0.109653267	1.28946	0.0175718121
AB	0.09726639520000001	0.00421754	0.0021079732
AB	0.7378593717999999	0.16282661910000001	0.0692098056
AC	0.81082382475	0.0471616219	0.0089594308
BC	0.30684036765	1.3962312814	0.188029
BC	0.2154186904	7.4281550888	0.3004251719
BC	0.061112990000000006	1.1754043374	0.0139397465
BC	0.0538793623	1.15554	0.0752364551
AC	1.08173330885	0.2029572123	0.174985167
AC	1.3418820387	0.0449254214	0.084964
AB	0.02513663525	0.00782573	4.481e-06
BC	0.1265213837	0.5259932193	0.076624
BC	0.0235642663	0.7140034121	0.0150984
BC	0.0656748655	0.54633	0.0490841
BC	0.0447910643	0.259833	0.0059023644
AC	0.20261358115	0.0311903	0.606932
BC	0.28833956215	1.6340916585	0.0723256305
BC	0.09894832955	0.7346954156	0.0728813106
AC	0.40637690000000004	0.1850147412	0.0366993316
AB	1.6780081649999998	0.6455355405000001	0.0748206616
AC	2.0181915234	0.0495385731	0.0611049
AC	0.4468256992	0.0653458	2.4182e-06
BC	0.056888428549999995	2.0207431325	0.099966492
AB	0.4163443599	0.0186324503	0.0051559773
BC	0.20016540309999997	6.94323	0.0454448559
BC	0.05333695545	0.937608	0.0708038158
AB	3.3269312794	0.9546301146999999	0.814256
AB	0.52276896495	0.1103110771	0.0004114088
BC	0.17252150615	1.5176970263	0.1398386563
BC	0.230119573	1.77333	0.119785
AC	0.38083069334999997	0.0552637981	0.036327414
BC	0.050446594600000005	0.307851	0.0091755422
BC	0.24756492655	2.722619416	0.187348
BC	0.10105715775	0.7976400053	0.0773261
BC	0.2866249978	1.1385539078	0.0771015117
AC	1.08022771945	0.0904368423	0.0209975483
BC	0.036536669699999996	0.667975	0.0149498872
BC	0.22163602599999999	2.2138825138	0.185370814
BC	0.24542931210000002	1.97103	0.471831
BC	0.24776329515	2.4730976016	0.286808
AC	5.989975	0.1988698683	0.4537880702
BC	0.14288125000000002	2.1181013122	0.067694
BC	0.19842423915000001	1.5553735754	0.107509
BC	0.33100291555	3.76938	0.509103116
AC	1.2069904423000002	0.0580851984	2.5664e-06
BC	0.0237696907	0.1780611304	0.00331096
AC	0.8084876353999999	0.0419614636	0.0147480848
BC	0.051905836649999995	2.23083	0.135849
BC	0.23074161130000004	1.8083301973	0.1195803292
AB	1.16435255235	0.061405685099999996	0.0110853662
AC	0.2407149072	0.0231332	2.4072e-06
BC	0.4675860095	9.9999983388	1.34907
BC	0.1044757882	1.5350320755	0.0123183
BC	0.40842084865	1.8350716175	0.157273
AC	1.7514093646	0.2863577593	0.0061989821
BC	0.0813155861	0.447653	0.0137332763
BC	0.02353293345	1.24615	0.0206852
AC	0.44666358700000003	0.0120353867	0.0143857087
BC	0.0964193649	1.3509183492	0.0848555
AC	2.5172397809000002	0.378495	0.368374
BC	0.01057723565	1.7786073365	0.0052935773
BC	0.15533585945	10.1914	0.0372146354
BC	0.07771788295	4.1340833489	0.0777149539
BC	0.024960776349999998	0.546426	0.0033651055
AB	0.67067068385	0.1084890637	0.0300561873
BC	0.32680806535	5.14638	0.4480519666
BC	0.1696689964	1.4554325594	0.1102676845
AC	2.7482895456	0.108179219	0.0206699
AC	0.531022369	0.0396173657	0.0158660756
AB	0.79701929875	0.2565107037	0.0486685833
BC	0.27189271555	2.3059852812	0.1150986448
BC	0.02523735	0.953417	0.0378917025
AC	2.26702353995	0.0772139378	0.063053742
BC	0.0356090925	0.583023	0.0265843
BC	0.10976864054999999	0.9967752918	0.0561105
AC	2.1867512051499998	0.0234020087	0.0752573
BC	0.3436615571	9.9999982572	0.376021
AC	0.71447779965	0.305583	0.0863279031
AC	4.22833837305	0.3423088523	0.0690038539
BC	0.0078900566	0.385011	0.0061571334
AC	1.3421759585000002	0.0285477386	0.0353907579
BC	0.06861534845	1.26023	0.0161797172
BC	0.036339536750000005	2.7243261839	0.0219112
BC	0.1316711045	2.6871439012	0.0891205052
BC	0.013214627399999998	0.7250345387	4.6992e-06
AC	1.3823536787	0.1335062477	0.042413502
BC	0.36486195995	4.3575789533	0.4094022729
BC	0.02643897845	0.5944623106	0.0580349
BC	0.06573587974999999	0.716389	0.0059049388
BC	0.10267408369999999	1.2785850462	0.0602013544
BC	0.0650511782	0.7833099961	0.0543411699
BC	0.07866469045	0.4065524065	0.064511
AC	1.4500648406	0.2328508748	0.0959793605
AC	0.78853546355	0.1473607139	0.0527283806
BC	0.10652984595	0.763501	0.0083127925
AC	1.35574208065	0.0719361135	0.031211
AC	2.62573105755	0.0822977202	0.0535692654
BC	0.061012096	1.39686	0.0427675
BC	0.20278784014999998	2.5629844243	0.0116426255
AC	2.2995214282	0.0631611849	0.100448
AC	0.6245295	0.0304315525	0.0047933486
BC	0.09252470715	0.4609308878	0.0231462
AC	0.4953061097	0.1680706288	0.0727456
BC	0.23110741795	3.0282617815	0.1562364293
BC	0.0529598029	1.0452654903	0.0088063016
AC	1.9582012330999998	0.1254221538	0.0489549944
AB	0.7827007929	0.033212751000000006	0.0219884135
AC	2.7026729813	0.0521464836	0.0242549482
AC	3.3351055337499997	0.0785067044	0.0250308517
BC	0.131018041	1.6312490564	0.186392
AC	0.5706784863	0.15247	0.0416006836
BC	0.0177228545	4.20602	0.110124557
AC	1.72824781235	0.0690468212	0.0618633364
BC	0.20206581299999998	2.002861246	0.265972
BC	0.06293931845	1.9716	0.0917578975
BC	0.0836543022	0.7481557831	0.045643624
AB	1.4385445000000001	0.1750809114	0.0825301431
AB	0.85900067615	0.0492573266	0.189807
BC	0.014677574999999998	0.518474	0.0367345
BC	0.4258847099	4.0834465864	0.1636525707
BC	0.04340974365	0.806916	0.0138622
BC	0.05286094549999999	1.52065	0.0124102599
BC	0.22178651580000003	5.38367	0.0351300109
BC	0.0013455095000000001	0.2430040612	2.6719e-06
AC	3.23634273775	0.0429893284	0.458309
AC	0.3389436098	0.0150323	0.0148138
AC	0.27776737110000005	0.0420554927	0.062016
AC	0.9400747294999999	0.0144011306	0.145539
BC	0.0157181479	0.417882	0.0175681
AC	0.3593011	0.0047052046	0.0092595113
BC	0.061906038450000006	1.2801491184	0.0662583272
AC	1.1632213833	0.103445259	0.0684892074
AC	1.8618950924500002	0.104321313	0.0987405717
BC	0.03640295895	2.149931129	0.211175
BC	0.3096590883	2.4819546242	0.1637970253
AC	3.31882517855	0.31619	0.0612025534
BC	0.01512965555	0.2749216922	0.0244588
BC	0.01257376825	0.9818408799	0.0505383853
BC	0.5379533287	1.4997170088	0.2320909822
BC	0.15075724615	1.2701298632	0.093011
AB	0.45018706225	0.00464956	0.00465034
AC	0.706862	0.0477212047	0.0287170167
BC	0.18967024125	0.603369	0.0082695627
BC	0.0434031182	1.1411295638	0.0161535015
BC	0.03356471995	0.528658	0.0121679336
AB	1.2247404079500002	0.3204945456	0.0656612347
BC	0.0472858799	0.6148270726	0.0254019566
AC	4.203630229350001	0.1967566154	0.181262
BC	0.0764131556	1.6434233442	0.0135574002
AC	1.79723293645	0.1297638924	2.6739e-06
AC	1.59575527815	0.0451637867	0.1056152055
AB	0.47247233860000004	0.0805864212	0.0611365
AB	0.2636095059	0.0557434951	0.0223323057
BC	0.22385097204999999	1.72068	0.391366
BC	0.11070703905	5.2657498936	0.0422015528
AC	0.6144148472500001	0.0642072833	0.0183012055
AC	0.344952645	0.0239616751	0.00463477
BC	0.08809616940000001	1.6208117601	0.0931256966
AC	1.48168688615	0.0866781872	0.0270905115
BC	0.0120343911	0.2771060884	0.004313575
AC	6.60307098615	1.0509335353	0.5535022359
BC	0.08176179170000002	4.9818307647	0.1144138929
BC	0.18724642945	4.31827	0.6521499223
BC	0.2909661429	2.7691208171	0.1579266934
AC	1.2566581648000001	0.0509778671	0.0277134454
AC	0.29403290025	2.3039e-06	0.0013971855
AB	0.4800081311	0.112105	0.0249958701
BC	0.11079460164999999	4.22108	0.1987997605
AB	1.85218948175	0.1366681219	0.0368369057
AC	1.1348786146	0.114637	0.0980464931
BC	0.4522873514	4.4162322405	0.1892245254
AC	0.7799158942000001	0.0613463964	0.0232252982
AC	0.58775624095	0.0589662099	0.0386928
BC	0.21204712025	2.7076667601	0.0486264115
AC	1.7650096681999998	0.1149759386	2.7241e-06
BC	0.47265583229999997	1.8805523502	0.1285328664
AC	1.1674005106	0.0826691272	0.1191430906
AC	1.0243826355	0.0986319309	0.0598039628
BC	0.3839576293	3.4603345182	0.1893032418
AC	3.8678286753	0.2152097752	0.4165017125
AC	3.4027271795	0.0780432312	0.0566260416
BC	0.09083044705000001	2.0632691855	0.142962
BC	0.006673115	0.2219482046	0.0136939
BC	0.11160179405000001	2.4571355829	0.1300262353
BC	0.1003402559	2.83003963	0.1519041693
BC	0.29954280595000005	2.29349	0.098394471
BC	0.243423537	0.801561944	0.0396250509
AB	1.0716610149	0.0208476597	2.8056e-06
AC	2.02450492405	0.0530304487	0.0262333564
AB	0.78790750735	0.0908788491	0.019354565
AC	0.9657885	0.0906637195	0.0464268471
BC	0.0030465811	0.4368854559	0.0091530768
AC	1.6612683	0.0562239555	0.0168999474
AC	0.96449706405	0.1112183962	0.15913
AB	1.0268271453	0.0484192	0.011969485
BC	0.16701907805000002	1.4514033885	0.165674
BC	0.20219511525	2.1368846497	0.151208
BC	0.04738112255	3.52122	0.0099345893
BC	0.07242092	3.25557	0.00445254
BC	0.34965223275	3.3720661586	0.2552486724
AB	0.2366610887	0.0104114	0.0101727
BC	0.16944945615	0.7997441351	0.0351461895
BC	0.02969925395	0.3933440902	0.0194395735
AB	3.873770493	1.4345027479	0.0745428292
AB	2.04684269535	0.6305530158	0.473543
BC	0.335004156	2.9552754315	0.3851669738
BC	0.12670520005	4.2461699548	0.1322516633
BC	0.29527373014999997	3.3133223787	0.1369994986
AC	1.1418113478	0.0059223148	0.0244644229
AC	0.66631984775	0.0276407874	0.0054996718
AC	0.95418190635	0.1467961729	0.003211769
BC	0.367816211	3.7453382283	0.1521026059
BC	0.2602466954	6.47787	0.0337876229
AC	1.2892590968	0.0368745583	0.0158947715
AC	3.099945359	0.1037191418	0.1144003751
AC	1.876240168	0.114466755	0.146112
BC	0.0496342207	0.5755022098	0.028213603
BC	0.04550049735	0.5558416033	0.0196814861
BC	0.1285774354	1.1428512565	0.0596222044
BC	0.09374161445000001	3.1913156674	0.1244033384
BC	0.0500917704	0.8530153864	0.0590064238
BC	0.06132773295	0.7743917178	0.047021
AB	2.80602425	0.0292162	0.006435847
AC	0.89883366735	0.1561232267	0.0684089
AC	0.4896863616	0.0213763664	0.0757599
AC	0.36596065040000003	0.0564666223	0.029599
BC	0.14555217245	0.8548488714	0.1320038623
BC	0.04053242995	1.1977018512	0.0803632408
AC	1.3232765993000002	0.1443894551	0.0931433
AB	0.0469520319	0.0072534284	2.5184e-06
AB	0.13413620115	0.00203631	0.0041755577
AC	0.9863052880000001	0.2136161679	0.289566
BC	0.10260856160000001	0.852091	0.0088035942
BC	0.39004652134999995	4.4591909266	0.1420887133
AC	0.30431892709999997	0.0171318525	0.0042957001
BC	0.025919857549999998	0.567484	0.0284071441
BC	0.1207854716	2.4657695686	0.0617196353
AC	0.86662441485	0.0662167899	0.0824577
BC	0.1512904444	1.6602250945	0.0204146315
BC	0.5702046834	5.4850305839	0.3901141769
BC	0.001206998	0.091178438	0.0047907022
BC	0.36479516035000004	3.0674216074	0.2624996671
AC	0.48692254225	0.1706823673	0.0593203344
BC	0.17539432285	0.8398520844	0.131629155
BC	0.0	0.247214	1.01367e-05
BC	0.1620192136	4.4301079963	0.2326777619
BC	0.12181988904999999	1.64988	0.0682682594
AC	1.5390855826999998	0.1129140337	0.357637
AB	0.24463560135	0.0093425356	0.0056847121
BC	0.0340410467	3.3453	0.0078920591
BC	0.0222247099	0.9147956149	0.070548506
AC	0.6042057	0.105686	0.0128164035
AC	1.1176163233999998	0.0536986015	0.0241142
AC	5.2330187318	0.2229456975	0.0567677983
BC	0.06595851105	1.661037944	0.1690096087
AC	0.07765580895	0.0147544835	0.0188005
AC	1.2972850864	0.0270368495	0.024009343
AC	1.4054295110500001	0.0954551437	0.1649957925
BC	0.1308617625	1.6614983081	0.110928461
AC	2.240674931	0.123640689	0.0415518361
AC	0.50540528545	0.019371214	0.0119777
BC	0.17234362075	2.0974707934	0.207303
BC	0.05657011565	1.18864	0.034787
AC	1.6066938718	0.1535110443	0.1098290973
AC	1.87216546495	0.1745605889	0.12470598
AC	0.7960484718499999	0.1727296289	0.180003
BC	0.32666382825	2.839695093	0.2505368304
AC	0.613284125	0.0135770252	0.19711
AC	2.2494300744	0.2065836455	0.1490643164
AC	1.2541390240499999	0.1242130693	0.17519
AC	1.30781986485	0.327002	0.1965542957
AC	3.1053227418	0.2115731442	0.265247
AC	0.7359531754499999	0.1331352903	0.172281
BC	0.03827796115	0.816735	0.0204915996
AC	0.599640583	0.0933230435	0.027684696
AC	0.6056338979	0.0625241604	0.144402
BC	0.02341962045	0.733065	0.0558496
BC	0.14753376699999998	1.3429685301	0.171201
BC	0.03928210595	0.116829	0.0145614797
AC	1.2651882779	0.0704024914	0.0758507
BC	0.00148986835	0.141842	0.00493735
AC	1.12008091005	0.0077901174	0.0205963402
BC	0.20857178825	3.0450763527	0.1476404384
AC	0.272289954	0.0195960613	0.0152244408
AC	1.3637772801	0.0219550913	0.0238930428
AC	0.23805912815	0.0649779	0.0205332376
BC	0.021090055200000003	1.4506854948	2.5741e-06
BC	0.02691334155	0.675034	0.0105244559
BC	0.0913851556	1.6086542148	0.0599605013
AC	0.18739709145	0.0075776337	0.0102512196
BC	0.4258718832	2.61757	0.0635130573
BC	0.40455298390000005	1.8171509013	0.164382
BC	0.038179917199999996	1.34156	0.0336293
BC	0.16790305135000003	4.1470086752	0.183172917
AC	1.8143115293999998	0.1360895209	0.172564
BC	0.0319608866	1.7512044969	0.164405
BC	0.01796253255	1.1369	0.0025007444
BC	0.0096554765	0.3411802825	0.016294708
AC	1.60638597985	0.1519807384	0.0822645738
AB	1.5163191403499998	4.8584e-06	0.0413118032
BC	0.1682976975	2.9242603496	0.375034
BC	0.00597400895	0.243871	0.0010575804
BC	0.015107554550000001	0.697736	0.0335874
BC	0.1687375222	2.0582699319	0.1634606105
AC	0.22913486479999998	0.0	2.8296e-06
AC	0.23527050559999999	0.0892615439	2.1061e-06
AC	0.8330724583	0.1844370859	0.117386
AB	0.43573595965	0.0237705	0.0122744479
BC	0.0339479877	1.0281	0.0200567
BC	0.1357835211	1.33291	0.120937
BC	0.0479954556	0.3735582467	0.0258196516
AC	0.07279164815	0.0284328293	0.0203436
BC	0.01036176395	0.239924	0.0061305672
AC	0.61461369945	1.07419	0.0122830836
BC	0.005372331649999999	0.0452033	2.0211e-06
AC	1.9725854413500001	0.0658621184	0.0276484671
BC	0.05668035545	0.6942119415	0.0307950564
AB	0.26105495	0.1247914633	0.0122319104
AC	0.779412488	0.0523730883	0.0155525275
AC	1.0854795447999999	0.146133088	0.0757031603
BC	0.55921132115	6.2478271902	0.779881329
AC	3.0435656152	0.3990724525	0.0605279837
AC	0.8601546264	0.0893497458	0.1297587942
AC	3.4441490299	0.1767539505	0.1281950955
AC	0.43675986144999995	0.048779832	0.0493017
BC	0.024054656049999998	0.2980219018	0.0297346
BC	0.1282390853	0.948357	0.113829
AC	0.63113481345	0.0623257252	2.7867e-06
AB	1.3360568753500002	0.30396563990000003	0.0591303556
AC	1.2870465467	0.0791600464	0.015953961
BC	0.0376117516	1.23991	0.0257324
BC	0.0653209758	0.669353	0.0248426875
BC	0.04317436895	0.533232	0.0098927828
BC	0.040298285850000004	1.4520609796	0.0890068
AC	0.64954338825	0.061241393	0.0123305968
AC	0.7530424029	0.1672969847	0.0792832
BC	0.36151770765	3.1616710694	0.1891701298
BC	0.51300402655	2.0305149924	0.394592
BC	0.2400508705	3.2219008358	0.0489801101
BC	0.1494972607	0.676587	0.0257151992
BC	0.06126296335	1.2734095512	0.0829620359
BC	0.19640783295	4.59348	0.3314443604
AC	1.8094382684	0.2169244548	0.1163259894
AB	0.6250346487499999	0.058379656800000006	0.020907244
AC	0.76160182635	0.0356199513	0.0124022032
BC	0.13407605205	7.8453234855	0.0679442
AC	0.9390414872499999	0.2467306216	0.0878802689
BC	0.3451633574	1.35447	0.237455742
BC	0.20450148815	0.9469995753	0.1094724383
BC	0.347578776	1.23467	0.0569631548
BC	0.1701462004	2.6966264542	0.0200617952
BC	0.21098045705000001	1.7157908079	0.1174016048
BC	0.19647162415	7.97334	0.2482660384
BC	0.0152105647	0.382518	0.0289697
BC	0.14411113865	3.3685	0.148972028
BC	0.07851228885	0.4658095559	0.174433
AC	1.1240277347499998	0.0681999952	0.0360697523
AC	1.2644642154	0.0190770297	2.8142e-06
AB	0.3913536762	0.6203388156	0.068987
AC	1.48356582985	0.0418163947	0.0345427981
BC	0.0438424437	0.4260907819	0.018491689
BC	0.003857055	0.1589512424	0.0092444723
BC	0.14807579365	1.2785225132	0.151256672
AB	1.1220899276	0.17741068410000002	0.0293273407
BC	0.09274724325	1.0174689099	0.0092089613
BC	0.381648113	6.8367011671	0.1847384129
AC	0.9556636613	0.1000710629	0.0403709628
AC	0.50192615205	0.091194098	0.217752
AC	1.2405428256	0.021412737	2.2006e-06
AC	0.9852039958	0.0184841566	0.0166105303
AC	1.49810819525	0.0195736906	0.0093773879
AC	0.8858102102	0.1473105157	0.070491938
BC	0.17190462099999998	1.9412440699	0.0876396362
AC	0.7199107755	0.0470015141	0.0335821
BC	0.1051759647	2.67674	0.0114274039
AC	0.24685748205000002	0.0467922912	0.17779
BC	0.07209657259999999	1.3122964816	0.0661512243
BC	0.02756795545	0.851458	0.0327381
BC	0.09395129225000001	1.51471	0.2519149991
BC	0.27415938005	4.2591782822	0.283905
AC	1.4689168395499999	0.0458172334	2.1797e-06
AC	0.20199244955	0.0783359	0.0235862402
BC	0.09885124519999999	0.607193	0.0597890946
BC	0.1057492009	2.250196937	0.438003
AB	0.77049903955	0.278984945	0.1411764427
AB	1.86713675265	0.2943082683	0.0674268101
BC	0.2004663745	2.6481690278	0.0867011916
AC	0.4457118865	0.0111810592	0.0094964
AB	1.10926171875	0.28340762550000004	0.2248372138
BC	0.02089103925	0.6077787104	0.0186620592
AC	1.9055672523	0.0575861426	2.1715e-06
AC	0.49085557395	0.0137559096	0.0343050276
AB	1.10964412225	0.2633030746	0.0705785175
BC	0.08864710184999999	1.36495	2.326e-06
BC	0.06915058575	7.2562261314	2.8714e-06
AC	1.1476461678	0.369011	0.0199058138
BC	0.0819716448	1.1447079564	0.0644105586
BC	0.0672425197	3.56281	0.0339669145
BC	0.4045978104	6.50033	0.418793
BC	0.0437440412	1.18184	0.0918003288
AC	1.70585069275	0.3005967022	0.149035479
AB	0.2481533799	0.025659	0.0195211
AC	0.5209201433	0.0610504871	0.102848
AC	0.48796674274999996	0.0408664063	0.0036365437
AC	0.50312455265	0.0641059427	0.0108586644
AC	0.96344294585	0.07409649	0.0276362606
AB	1.5951415000000002	3.880522322	0.385288
BC	3.276e-06	0.0814245	0.00224059
AC	1.9187379260000001	0.0617419367	2.6408e-06
AC	1.94048310395	0.2361543351	0.153859
BC	0.14954808045	1.7663	0.0613346012
AC	0.0169569129	2.4129e-06	2.4129e-06
BC	0.07303216235	0.9581342181	0.0891629624
AC	0.7555855626	0.2890122898	0.185511
BC	0.27822307865	3.7139409472	0.2822746226
BC	0.1313308262	1.37454	0.322152
AC	1.20041489655	0.381876	0.2527011888
AB	1.2597989988	0.8715526539	0.0578534617
AC	0.6035907284500001	0.0657132554	0.0403589219
AC	0.25837115615	0.0176332552	0.0177678206
BC	0.09406034704999999	1.332315404	0.0493309334
BC	0.20988443245	1.3795662658	0.0955243995
BC	0.21372700145	1.1621634098	0.0957690999
BC	0.10781664029999999	1.1150288728	0.029575104
AB	0.21797875	0.0256222697	0.0044151606
AC	0.86755165	2.2393e-06	0.0251261185
BC	0.08755488084999999	0.9894768071	0.0242682505
BC	0.04029582279999999	0.943015	0.0154687
BC	0.029281911450000003	1.6732278924	0.043105513
BC	0.15943520719999998	3.381404625	0.2378538347
BC	0.015836944999999998	1.217932201	0.025028951
BC	0.42520111785	1.392163363	0.134004
AB	0.52740691155	0.12183021070000001	0.0303356067
AC	2.33961559635	0.122842	0.0524070627
AC	1.00669066935	0.0075284527	0.015356742
AC	0.7428922298999999	0.0759814646	0.106659
AC	1.23853541105	0.0396807506	0.061591407
AC	0.47526807765	0.0158319185	0.0134068579
AB	0.29059034375	0.136608	0.0189583
AC	0.6496294	0.0226219516	0.0495144823
BC	0.0215703878	0.340643	0.00692632
AC	0.34023279295000003	0.0305363294	0.0964152
BC	0.2011395835	2.837729459	0.2055529192
BC	0.07524502625	1.0585253098	0.068382034
BC	0.02311510935	0.5751848595	0.0216345908
BC	0.1534660298	1.2680911237	0.0885505639
AB	0.89935638295	0.0421197	2.1704e-06
BC	0.1661323829	0.3344394671	0.0418473429
AC	0.6479723775499999	0.0056118588	0.0025433205
AC	1.4398580445000002	0.2178772209	0.0951040669
AC	1.52929999	0.1169103709	0.0945018669
BC	0.08381930474999999	0.7918420814	0.0802284
BC	0.0	0.182978	0.00425591
AB	4.09744872425	0.023172893099999998	0.0377679024
BC	0.20557875795000002	4.936871563	0.1026676964
BC	0.164660833	1.5257391233	0.110751
AC	0.03231043	0.0	4.5632e-06
BC	0.2786916812	3.3642893145	0.0899876
AC	1.3636629358999999	0.1377936577	0.101063
BC	0.14228648715	1.01422	0.354601
BC	0.35707647965	9.9999989275	0.320219
BC	0.07013693895	2.8892024186	0.284152
BC	0.1734397952	2.73031	0.2831254534
AB	1.3797064064500002	0.220169828	0.169539257
AC	2.3604635000000003	0.0364505083	0.011732794
AB	0.93046181655	0.170018	0.0187263728
AC	1.29239572835	0.289711893	0.1470556095
AC	1.02473992915	0.0632582188	0.0322971674
BC	0.120339849	1.5079035692	0.1171481847
BC	0.0885080233	2.60896	0.0928907855
AB	0.44658152205	0.10468810049999999	0.0173651252
BC	0.05916946395	2.97909	0.1357621846
BC	0.019089515799999998	1.36008	0.010977503
AC	1.1959599137999999	0.0657284725	0.033397296
BC	0.07727335445	0.9171283779	0.149436
BC	0.10488430025	1.4046964198	0.0918333058
BC	0.1096622261	1.557839607	0.0741333296
AC	0.66868111945	0.0665737448	0.0416633487
AC	1.6425801340000001	0.0752618245	0.0495659139
AC	0.4193828002	0.0179496935	0.0146578922
BC	0.25808565915000004	5.87214	0.324203
AC	0.59624928655	0.0151784096	0.0140584222
BC	0.0704096655	3.52691	0.0338842919
BC	0.09566587495	1.89466	0.107193
BC	0.1982645257	8.6916429616	0.1389238482
AC	0.53921241145	0.0407182	0.0086161368
AC	1.48863107565	0.0262178551	0.0072990788
AC	1.07773096065	0.114980982	0.1198072925
BC	0.0686948096	5.5895850097	0.412123
BC	0.00375689885	0.221934	0.0032864413
AB	0.30950974350000005	0.0684852135	0.0312142207
AC	0.4748934473	0.0301646477	0.0543778
BC	0.058429644350000004	0.7381140917	0.0666819
AC	1.10913315455	0.1974108029	0.0767627133
BC	0.12818284725	1.80794	0.1775048747
AC	0.9967187722	0.0595552434	0.0823449
BC	0.16430210985	0.4258071113	0.0243830106
BC	0.16145715125	0.7048226147	0.0947420821
AC	1.25703092495	0.0953057621	0.0756526
AC	1.4830097378	0.0939607228	0.0685695597
AC	0.8290526551999999	0.0908713	0.2288454085
AC	0.6971947912	0.2101982049	0.0768153
BC	0.02016961155	0.9270256286	0.0104214519
BC	0.08523031665	4.48204	0.065200013
BC	0.93843039325	3.1937983515	0.3807825546
BC	0.1309321676	0.9960399917	0.1061873645
BC	0.0652899285	0.971146	0.0149874
BC	0.12503768105	0.7041805964	0.0265952739
BC	0.0596119638	0.603712	0.002862716
BC	0.076734152	3.31989	0.0652169
BC	0.08175731405	1.3243752987	0.0865567373
AC	0.40898505690000003	0.0347546416	0.0093547131
AC	2.0895080739000003	0.2458276747	0.0478660669
AC	0.40544177825	0.0566508903	0.014668976
BC	0.02276697615	0.4310373594	0.0186025
AB	0.4708948683	0.050397448899999996	0.014903
BC	0.1306977475	2.8951621905	0.0664270541
AC	1.0584522504	0.261429	0.1632466828
BC	0.091265982	0.472624	0.0837414
BC	0.098282402	1.5131174797	0.0549024134
BC	0.20844455779999999	3.5604083114	0.181701886
AC	0.2122831828	0.0015797878	0.0044369501
AB	0.5067453141	0.20215246879999998	0.0112484657
AC	1.3309846116	0.02949877	0.0100210099
AC	0.37477599835000003	0.0131560787	0.0299633
AC	0.97183086475	0.1674485128	0.0385308752
BC	0.0180486783	0.482165	0.0205212208
BC	0.22256524685	9.9999986487	0.326515
AB	3.7560312314	0.4521531037	0.1823705534
BC	0.1589737088	1.0310786629	0.0431064688
BC	0.15071964370000002	1.48939	0.0453671006
AC	1.5821293257	0.1013174076	0.330051
BC	0.01532475	1.36389	0.0525739
BC	0.0413032786	1.7187	0.0063355427
BC	0.033655868650000004	1.0253149766	0.0297092473
BC	0.07162409725	1.5507994303	0.0929960764
AC	0.9223711888	0.0351818043	0.0003952717
AB	0.5818882951500001	0.0583838	0.016276164
BC	0.08306059215	1.8368571031	0.006165583
BC	0.1204340456	1.033844237	0.0231677832
AC	0.65389016255	0.0485642	0.0200949361
AB	0.3228180379	0.0272224	0.0674965
BC	0.1601555502	1.14851	0.0279588297
BC	0.054919723399999995	1.2591352539	0.144395
AB	0.4782383	0.059978244199999996	0.0130967848
AC	1.22474272355	0.615667	0.257561
BC	0.1320747993	2.1542723955	0.1162391988
AC	0.8886907	0.0638660313	0.027410135
BC	0.0700146677	0.9866816334	0.0341487
AC	1.33874112425	0.0563234508	0.0237376954
BC	0.38577413704999997	6.6258	0.0954661
AC	1.8851823985	0.1573770316	0.1013796613
AC	1.3497505618499999	0.0438053473	0.0181203525
AB	0.8563335259	0.0974039435	0.019408619
AC	0.82297195605	0.0823527678	0.0519886678
BC	0.10913069695000001	8.19263	0.405195
AB	0.7625699683	0.5391335641	0.0742677712
BC	0.2670356201	2.5399347043	0.1942756833
AC	1.2669890000000001	0.0964207378	0.0265526487
AC	2.5833602563	0.0962165834	0.022886988
AC	0.21400082105	0.0150086673	0.041015
AC	2.1417182237	0.0949913055	0.102968
AB	1.89968958785	0.2079705686	0.0511300653
BC	0.03757091485	2.1103752659	0.048269081
AC	1.0162329011	0.0841992929	0.0366893256
AC	3.099876466	0.0492295784	0.0069588331
AC	1.51677870905	0.2355328632	0.174732
BC	0.22853559735	3.1534132685	0.2314623431
BC	0.13719941055	1.0147278137	0.0657093398
BC	0.18476870905	2.46401	0.0898278321
BC	0.00427442245	0.218669	0.00121602
BC	0.11819955765000001	0.9686917364	0.0626517389
AB	0.5081426242	0.0881729978	0.013263854
AC	1.4573023953	0.111784	0.0244455
AC	0.42615502385	0.0929189436	0.145596
BC	0.0324228961	0.7160866914	0.0546822
BC	0.23632616725	2.5622060894	0.0331449049
AB	0.48954886664999997	0.1234687118	0.0328385631
BC	0.0459353207	0.642334	0.1310881004
BC	0.35325305315000005	4.3047191995	0.3973072368
AC	1.53110457875	0.1257773236	0.0479624314
AC	0.7739003313999999	0.2187929594	0.186455
AC	5.03319138255	0.0505823303	0.0567741
AC	0.76003277135	0.0511023799	0.0108585144
AC	0.70647317635	0.180412	0.0685347
BC	0.02031045	0.6241402912	0.121135
BC	0.3811903525	5.84662	0.0394246622
BC	0.12843459875	3.1769872977	0.0519865368
BC	0.2072621617	5.0008220176	0.228201
AC	0.6489105571	0.0197404446	0.0352866
AC	1.16616602965	0.1439135357	0.0662427581
AB	0.86113099065	0.14153824439999999	0.0219806618
AB	1.5869368892	0.557177714	0.0997198205
AC	5.1936645719	0.1260760136	0.0493184353
BC	0.0476340577	1.12766	0.0107868104
AC	0.82262171545	0.1481137345	0.407965
BC	0.04858923225	1.1247369358	0.0015989612
BC	0.19481608374999998	6.50113	0.1607743154
AC	0.6839601779000001	0.067685544	0.0147046135
AC	1.02719722315	0.0869591974	0.0730623
BC	0.18402640225	2.4621529332	0.1689456788
AC	0.6443725435	0.1036659715	0.0588212735
BC	0.19082421705	4.046577334	0.19379
BC	0.2841532505	1.8094255438	0.1242201007
AC	1.15658562645	0.0950102396	0.0478221713
BC	0.18832820675	2.9204021524	0.116962
AC	0.6412402194	0.0323525894	0.042538
AC	0.1886184414	0.0374909737	0.0691450055
AC	0.32605982685	0.0742934308	0.0361212
AC	1.0461484457	0.134939	2.5638e-06
AC	7.603998413999999	2.5986e-06	0.657213
AC	1.6295584069	0.18526	0.2041155334
BC	0.23228083310000003	0.9091007303	0.0913131
BC	0.12084964064999999	1.99202	0.1797133722
BC	0.5316678768	6.0305800693	0.2694483656
AC	0.26050138700000003	0.0819772	0.0192870385
BC	0.12593115895	0.556923	0.0796593791
BC	0.1645642708	1.6072330736	0.1208
AC	0.46514637315	0.0355706113	0.0216802998
BC	0.04497904075	1.39897	0.0204638
AC	0.48304044715	0.0844837318	0.0262131076
BC	0.26270719895	1.6624482241	0.2284167444
AC	0.9205151052499999	0.0716812914	0.0511695
AB	0.18788769560000002	0.0185794361	2.3773e-06
AC	0.55829302235	0.0326667564	0.0132993909
AC	1.66270172115	0.2101602586	0.0335044828
AC	0.4448162858	0.0132728201	0.124494
BC	0.1304445	0.728616	0.0525889277
AC	5.2565365	0.0911891167	0.130580153
BC	0.45074941150000003	2.9836996909	0.482899
AB	0.7961431784	0.2835070357	0.0212781571
AC	0.12026476054999999	0.0085226705	2.1276e-06
BC	0.10927672949999999	2.6588021341	0.0417762761
BC	0.0987277176	2.2026052696	0.0678758851
AC	2.01217121175	0.0993991051	0.199874
BC	0.11346578005	3.0108408239	0.0310211885
BC	0.2870693158	2.29006	0.2753800948
AC	0.5592876772500001	0.0685309401	0.0218434368
BC	0.07577602375	1.6222156578	0.0675292
BC	0.0974298555	0.4213180365	0.0314186939
BC	0.0401856	1.25097	0.1102312024
BC	0.0287929047	4.38007	0.0257340347
BC	0.1185117584	6.0263847031	0.1478689269
AC	1.7292225074999998	0.238543785	2.1126e-06
AC	0.9222053853000001	0.0909180421	0.0556323873
AC	0.06670749475	0.0	2.1765e-06
BC	0.20346086230000002	2.7011290065	0.1578707224
BC	0.19491267475000001	1.40031	0.2101932036
AB	0.22823299215	0.0786964	0.0398600411
BC	0.17310962205000002	4.64887	0.0731569295
AC	0.55929419515	0.0098912406	0.0272764
AC	0.39224944095000003	0.033971857	0.0640595
AB	0.21225394479999998	0.3285908852	0.0209030792
AB	1.9262563302	0.5675557386	0.1583534197
AC	1.157473635	0.0606217799	0.0279206989
AC	1.0107420806	0.0739483909	0.028891
AC	0.7238785254	0.1830511949	0.0766326122
AC	0.17482659785	2.4716e-06	0.00891245
AC	1.9486906129500001	0.334162	0.0386015744
AB	1.5538752855	0.9010909273	0.1097941395
BC	0.07463040255	6.32515	0.0174137699
BC	0.07465786965	2.7865525945	0.0571386036
AC	0.64167983775	0.080792264	0.0095732641
AC	2.4305071926	0.1372114056	0.0164660671
BC	0.2288217917	2.05649	0.225908
AB	0.288536688	0.17608536589999998	0.0072174682
BC	0.052604023750000006	1.7205301271	0.106977
AB	0.1881367593	0.164115	0.025632
AC	0.1908162593	0.0173020777	0.0224403
AC	1.15872474	0.0852080341	0.0160386901
AC	0.64142598455	0.0790107342	0.119664
AC	3.2923432174	0.3885091748	0.1636624377
AC	5.185817917	0.579119	0.368494
AC	3.0052757914	0.2272507077	0.0544180584
AB	0.8036475247	0.110215	0.0200668489
BC	0.20231394349999998	2.18013	0.0984117216
BC	0.2418466752	3.63786	0.653621
BC	0.06799503115000001	2.89751	0.118037
BC	0.20036943829999998	2.1810953775	0.1026057051
AC	0.8802311181	0.1051482779	0.141838
BC	0.04356008285	1.40831	0.0108008752
AC	1.18797331545	0.06496927	0.0102801
BC	0.0705758397	1.13345	0.0627838176
AC	1.02945689265	0.191251	0.145947
AC	1.8235363063999999	0.0875501254	0.0645838154
BC	0.0870311505	2.2367684053	0.1232389436
AC	0.42674505865	0.0104466286	0.0062015981
AC	0.99135456275	0.088982126	0.172643
BC	0.13868975374999998	3.80874	0.0336405219
AB	0.40146633924999997	0.08101118049999999	0.0116655694
AB	0.76458975885	0.316337	0.139111
AB	0.67461112485	0.0808338522	0.0061692463
BC	0.51197368565	8.4701898642	0.128869
BC	0.14765765804999997	1.2067816006	0.097180405
BC	0.31779723965	2.3901384563	0.196272357
AC	0.82078811125	0.255617	0.1172833509
BC	0.09574206765000001	2.1531658978	0.0756533031
AC	0.6270932945	0.0846680972	0.243626
BC	0.11445670505	3.53025	0.214017
AC	0.6350362519	0.0693032906	0.310266
BC	0.07807429995000001	1.8231710236	0.0840383157
AC	2.10041934305	0.1725566719	0.0852063911
BC	0.03465943465	1.07308	0.0313843351
AC	1.23498601	0.2118227855	0.1050958935
AC	0.5184330572	0.0510924408	0.0282062
BC	0.16541256285	1.0271165205	0.0795491108
BC	0.15090540645	0.439541	0.0053601644
BC	0.07720675335	2.6280335681	0.1006985515
AC	0.09367871	0.0017585287	4.079e-06
BC	1.23389244	4.1204989489	2.1069e-06
BC	0.03001005475	1.02589	0.0148684
AB	1.33740343945	0.1412837355	0.202322
BC	0.27279663070000004	3.2960984702	0.1564056694
BC	0.32616096424999996	2.144369475	0.2318017902
AC	0.0682289306	0.0267894516	0.0089652896
BC	0.36819410495	3.96083	0.0831576838
BC	0.4574920334	4.130304961	0.313881
AC	1.23327411765	0.199280017	0.20318
BC	0.3086006195	3.06286	0.4335767292
BC	0.17039798255	0.989004	0.0525611638
BC	0.1247879289	3.1079869819	0.0548108366
AC	1.7419832271	0.033976408	2.3926e-06
BC	0.6262830615	6.79679	0.0268965774
BC	0.107587744	0.785841	0.0432834478
BC	0.3800421601	3.8497912261	0.327126
AB	0.26050875215	0.1311234398	0.0409514
AC	1.6483387718	0.1030479023	0.0778649
AC	2.4065691608999997	0.0302454228	0.0606576648
BC	0.04173956745	3.0661502413	2.6741e-06
AC	1.2048313999	0.1254108061	0.0781994
BC	0.0760630924	1.39613	0.19575
BC	0.076665236	1.02978	0.014635
AC	2.7843968797	0.047067049	0.251043
BC	0.1986939997	1.72012	0.0335362092
BC	0.11362713755	2.97704	0.1088142543
AC	5.00000271265	0.5920959438	0.4108637977
BC	0.4829376797	1.9206907145	0.3839495928
BC	0.0	0.0346379	2.6223e-06
AB	0.055039155	0.0	4.2012e-06
AC	0.0751749726	2.4726e-06	0.0031522218
AC	1.8270385879	0.1316323357	0.0613668853
AC	2.2592537637000003	0.1106729309	0.0409806904
BC	0.027259970700000004	1.8666576282	0.0099048783
AC	1.7361187782999998	0.1181450476	2.6663e-06
AC	0.86731052705	0.0738832942	0.066211
BC	0.0645502174	1.94938	0.0090055762
AB	1.6399241813999998	0.0884483951	0.0221797641
BC	0.1433224176	7.6086451288	0.388296
BC	0.28084000195	2.552489131	0.1084813143
AC	0.35246101295	0.0167306826	0.0217411376
AB	0.2110990422	0.0342649	0.0116519216
AC	3.1030362450499998	0.2569786732	0.0899506878
BC	0.1081194966	1.1897758864	0.0735203705
BC	0.02917370405	0.6775787702	0.0219333511
BC	0.27472328755	3.48049	0.1869539093
AC	1.2903823374499999	0.0475094938	0.105275
AC	0.7208312278	0.0678133246	0.0126761285
AC	0.5512749016	0.0063468863	0.0023151775
AC	0.53319073635	0.003486235	0.0423556
AB	2.0612728106	0.053870032	0.0439357
BC	0.22768954635	0.7552047104	0.1672390563
AC	1.64789674865	0.0790202248	0.299876
AC	0.1056988321	2.0545e-06	0.0101405
AC	1.0009371767	0.0141365287	0.101881
BC	0.15637171984999998	2.1738	0.0217188642
AC	0.7531217053	0.0154786771	0.0276497914
AC	0.8615844032	0.1163210491	0.0907956
BC	0.10410818329999999	0.7866385554	0.0285381832
BC	0.03503372845	0.948493	0.0262205
AC	1.6485437767	0.128234	0.140064
BC	0.294140532	1.5948389496	0.1377547924
AC	0.91646602385	0.1801051911	0.0657377667
AC	2.13861946125	0.1085998402	0.0495607777
AC	1.8394215812499999	0.0492792615	0.0463519
AC	1.0171675842999999	0.0433151196	2.5799e-06
AC	4.7447568014999995	0.1571999763	0.0806089316
BC	0.5012470696	0.9440727953	0.311391715
BC	0.01438540355	0.378766	0.0037922097
AC	2.8205741004	0.0762380061	0.0253285472
BC	0.0353328619	1.6992434082	0.0318948937
AC	1.4933762581999999	0.1690892376	0.0651951678
BC	0.02110417925	1.2050083072	0.0592230118
AC	0.7614238520000001	0.0316004884	2.2669e-06
AC	2.48710063785	0.0813915028	0.027509815
BC	0.10490180909999999	4.5038499894	0.1638118851
AB	0.2703247631	0.0422579	0.0312035904
BC	0.0852412926	2.0997257491	0.0258715
AB	2.2597924596000003	0.6138742296999999	0.0359906824
BC	0.16585146835	3.6743138691	0.1099461099
AC	1.5331054714999999	0.190692296	0.0612140823
AC	0.9599760556999999	0.0488842929	0.0141968911
AC	0.4834610755	0.026400286	0.0057257362
AB	0.0279504028	0.013318476	2.2056e-06
BC	0.16737199665	1.2115021291	0.0562059111
BC	0.01326429885	0.3496152147	0.00565096
AC	1.6323867226	0.1068304973	0.0322714408
BC	0.1043644724	0.440029	0.0171179433
BC	0.08873475685000001	0.6681752021	0.0150379791
BC	0.24464643785	2.1836180423	0.793855
BC	0.0167192637	0.5782667041	2.3178e-06
BC	0.00138259715	0.127655	0.008567818
BC	0.21069562914999998	3.8826	0.121925
BC	0.043309761050000006	1.8292834132	0.01706
BC	0.01336374815	0.5390113382	0.0511865
BC	0.09075648	0.710347	0.1220142279
AC	1.1528661126000002	0.0647291511	0.0312467855
AC	0.7991549404	0.0474239032	0.019014345
BC	0.01463469895	1.0927	0.0044404069
AC	1.0454313558500001	0.0303624519	0.0326585672
BC	0.09281687155	1.02615	0.0609697601
BC	0.017125817949999997	0.243733	0.0216161
AC	0.5810785074	0.0153179992	0.0101546483
BC	0.15131053465	3.7995862273	0.1967524106
BC	0.13767005375000002	1.5702	0.161888
BC	0.100952233	1.1118944687	0.0576431
AB	2.82322601635	0.1803711499	0.0785533612
AB	1.73937883085	0.29966004890000003	0.1183244584
AC	1.57778117235	0.255231	0.0215436335
AB	0.7992949350499999	0.2517391486	0.0606092647
AC	3.1175555357999998	0.0293461724	0.0255094425
AC	2.00192239785	0.7357411279	0.1005292565
AB	0.42853895455	0.2159808901	0.0347565995
BC	0.25804401465000004	1.8410206356	0.456335
BC	0.41781420575	1.5316520249	0.2854855199
AC	0.7727649561	0.0349802321	0.0141774561
AC	0.586052134	0.0087806813	0.0356694
BC	0.037855440899999995	1.47912	0.0378198
BC	0.024698170050000003	1.72021	0.0283707544
AC	1.9035289817999999	0.0823390266	0.0778885
BC	0.22879763565	2.5474186572	0.162803
AC	0.81949721925	0.0324229053	0.0179843957
BC	0.17573526955	1.96897	0.0419312876
AB	0.41979499989999997	0.0243399	0.017182346
AC	1.32876117825	0.458936	0.2288774686
BC	0.047893627349999995	0.8116134853	0.083862
BC	0.1602073301	1.36261	0.2306067062
BC	0.18087259690000002	1.5584	0.0446355087
BC	0.0662154141	0.604540023	0.0440450224
BC	0.0369158328	1.42397	0.0626767
BC	0.02922955775	0.379162	0.0096562186
AC	0.89145967145	0.0280840253	0.019009765
BC	0.5399759246	7.2660292371	0.4411173424
BC	0.0294561941	0.910651	0.0098499442
BC	0.015101336449999999	0.4042246098	0.0445518
AC	1.45976783705	0.1262283965	0.075858083
AB	1.4346753946	0.0960682184	0.0139484662
BC	0.11841415135000001	1.0075192037	0.0934483
BC	0.017191880300000004	0.751177	0.0087151174
AC	0.4472079252	0.0262951457	0.0225306
AB	0.2649984934	0.0117189966	0.00417622
BC	0.06348023675	0.7936022432	0.0474245248
BC	0.03742465695	0.6622871345	0.0789502
AC	5.73959514595	0.1069595101	0.161741404
BC	0.0613949037	1.26623	0.020872883
BC	0.10940203459999999	1.509525249	0.345152
AB	5.00000046815	0.3775134335	0.137163736
AC	0.679901236	0.0562024927	0.0490305591
BC	0.024932195849999998	0.451965	0.0278084
BC	0.2511075733	1.7953600106	0.2169070726
BC	0.18962444244999999	1.3114	0.0704744935
BC	0.0052732197	0.306567	0.0029188893
BC	0.19808603689999998	0.6680282289	0.0916130706
BC	0.15431908285	1.8357990489	0.114494
BC	0.62737561005	5.5872803559	0.3517474641
AC	0.23442981885	0.0408002639	0.0110574812
AC	2.49276455755	0.3221528991	0.164374
AC	0.2618025825	0.0198697044	0.0226962033
AC	0.610740085	0.0679366148	0.0333923
AC	0.34134093965	0.0072061098	0.0204101811
AC	1.3350510278	0.295540569	0.561337
BC	0.06278555875	2.40725	0.078218573
BC	0.5940435525	3.6548808446	0.1378224212
BC	0.07976062184999999	1.62048	0.0173804281
AB	1.06954085405	0.25040945470000003	0.0430061676
AB	1.7771395851	0.3210053338	0.0448476869
BC	0.13099001845	1.9074	0.0467821255
BC	0.006012768349999999	0.612388	2.1064e-06
AC	0.7707302603999999	0.1138809342	0.0943283
AC	0.78741029345	0.0542028747	0.0523554
BC	0.1288366653	4.6332082434	0.0394030444
BC	0.15228771895	2.3219901201	0.2187
AC	0.48220473655	0.046702457	0.0228670489
BC	0.2818297965	2.67853	0.0717091665
BC	0.0236305	0.618395	0.0115178557
BC	0.049977644249999995	0.7158583954	0.0419695
AC	0.17999731805	0.0218802387	0.009376886
AC	1.57041788995	0.04792507	0.107236
BC	0.03524775775	0.5741060188	0.0897872
AB	0.5228496825	0.0461946059	0.0324857705
AB	1.1561053224500002	0.1725701362	0.14334
AB	1.37829108255	0.3348601344	0.0204200529
BC	0.07538033565	0.4054526923	0.039526492
BC	0.0859002469	1.157998653	0.0409603339
AB	0.47315421305	0.1114950117	0.0425450699
BC	0.0553785851	0.651358	0.0280354
AB	0.239116631	0.0447118591	0.0070067185
AC	0.60968098155	0.0906063894	0.053419463
BC	0.0215028201	0.6740345574	0.0155082
BC	0.01465066155	0.4314094443	0.0103026
AC	3.8064681266	0.1150289593	0.178458
BC	0.023685297049999998	0.2763950999	0.0286485
BC	0.10279898725	2.874068058	0.0699932179
BC	0.145895074	1.927	0.240475
AC	0.059341193800000004	2.1938e-06	0.005146497
BC	0.47375378604999996	3.4673411006	0.849432
BC	0.0243913155	0.6307617626	0.0367855
BC	0.0	0.2554774283	0.0733008
BC	0.0275941766	0.2409205874	0.0048134
BC	0.1624773065	1.0509464921	0.0895634345
AC	0.51727825565	0.0749454689	0.028225569
AB	0.061776299550000004	0.0091690141	0.0027353662
AC	0.9536175251	0.1192671112	0.0477167055
AB	0.13718203925	5.254e-06	0.00559827
AB	0.77047641955	0.0949320379	0.0323394387
AC	0.24960754855	0.0752725326	0.0661775
AC	1.3628521838499998	0.1647453821	0.0724378134
BC	0.0574297788	1.5649743551	0.0517807764
BC	0.04185156725	0.606003	0.0027016037
AC	0.3310565	0.0172314564	0.032100774
AB	0.4869233	0.0518939823	0.0073928087
AC	1.6375320597	0.048559875	0.114298
BC	0.0982390455	2.45828	0.1386586044
AB	2.3267552186	0.0708963	0.0287378264
BC	0.03901453835	0.538432	0.0107819301
BC	0.11257125905	6.223227155	0.1178468452
BC	0.0071362042	0.432685	2.7629e-06
BC	0.26588689835	2.94561	0.346735203
AC	0.5223726231	0.02226261	0.0180702
AB	0.9449646675000001	4.941e-06	0.0151367243
AC	0.74987483945	0.0287768684	0.049129
BC	0.0	0.395215	0.0215354
BC	0.19595876680000002	2.182031837	0.085384012
AB	1.5053799288999998	0.3463083235	0.035582829
BC	0.1073554586	0.6045464095	0.100436
BC	0.07356186734999999	1.2237661617	0.0975636
BC	0.0153500768	0.8086478942	0.018749428
BC	0.21638053100000001	2.5710631939	2.1926e-06
BC	0.0386200781	1.1787466627	0.140669
BC	0.21270182175000002	4.1229328386	0.1641916277
BC	0.04043569335	1.6301457416	0.101302
BC	0.0502149633	2.9088246815	0.0821054
BC	0.06126784255000001	1.3436892692	0.101765
BC	0.0843883718	2.2333096893	0.166634
AB	0.1185595936	0.0451414	0.0193635039
BC	0.15977103815	1.34465	0.0405704252
AC	0.3503548	0.0192811179	0.0125467239
BC	0.06260572354999999	0.4562386715	2.0647e-06
AC	1.0292287148500001	0.0106073214	0.03958154
AC	0.25737906605	0.0300590701	0.0126939854
AC	1.09105867645	0.0435866329	0.0640184116
AC	1.51073657965	0.1510461658	0.0721428876
AC	0.52016785845	0.0197313437	0.0130380758
BC	0.09497534885	2.9595311415	0.0668948551
AC	2.08107829715	0.2392852586	0.1188559343
AC	3.7891695104000003	0.1905731128	0.1050083599
BC	0.02159132125	5.4955159587	0.103811
BC	0.11299420169999999	2.2587090236	0.0692685508
BC	0.0068312498	0.3360532051	0.0040300843
AC	4.2990457137	0.6635579922	0.1285636641
AC	0.6398275901	0.0250102627	0.0214696859
AC	2.4623806849000003	0.0429540309	0.0185971
BC	0.22386892775	3.7875444694	0.06583226
BC	0.12943635795000002	4.93318	0.023314047
BC	0.15556674450000002	3.308847055	0.1352435389
AC	0.8491774394	0.085002317	0.0324437053
AC	0.35516288665	0.0473781	0.016180164
BC	0.032205492849999996	0.660033	0.0220888
BC	0.52383218525	4.7557724872	0.2613032305
AC	2.96488002515	0.0432783111	2.0586e-06
AC	0.7126858052499999	0.142647	0.0215569876
AC	1.3898704239500002	0.0932212635	0.0216631139
AC	0.6122940776000001	0.1380437375	0.0401062407
AC	0.42323262805	0.0697914	0.0600376
BC	0.060330622050000005	0.780458	0.0168783
BC	0.0	0.196834	4.1846e-06
AC	1.33502243025	0.0717782272	0.0503048935
BC	0.07877284845	0.8161797077	0.0136395635
AC	2.4517140947	0.2286799673	0.0587868571
BC	0.03919773205	0.654302	0.0089059838
BC	0.19484891370000001	1.4387014278	2.9159e-06
BC	0.16288529829999998	1.87819	0.0362716105
AC	0.10177725905	0.008419292	2.2181e-06
AB	1.3366017981	0.11512608340000001	0.0218651645
BC	0.2505284876	2.3404013513	0.1524702171
AC	1.94731965135	0.1543165698	0.0594294178
BC	0.0455939242	0.626416	0.0193409896
AC	0.0827944845	0.0054913947	0.0095905627
BC	0.03911881765	2.17072	0.0040311945
AC	0.5647041595	0.0349811794	0.0322850419
BC	0.1161280003	1.0379379552	0.0634356
BC	0.35619088335000004	2.7049863208	0.0604042548
AC	0.945500557	0.0422951544	0.0422566297
AC	1.178868	0.1375054488	0.0469580933
AC	0.24388659194999998	0.0066146481	0.0141041
BC	0.10622804455	0.5408744089	2.716e-06
AC	1.3585705788	0.2419284624	0.1509042422
BC	0.09550955	1.0046623112	0.0126610562
BC	0.0415863	0.3073275528	0.0163235
AC	1.39706634685	0.1116998411	0.0244818189
AC	0.3993201917	0.0429953993	0.0076086119
AC	0.2235019322	0.0580942019	0.0520509
AC	2.17221811295	0.1153845533	0.080646038
AC	0.19520393385	0.1494922776	0.243526
AC	0.7117097305	0.1389420893	0.0539525481
BC	0.05464051965	0.837824	0.0384605158
BC	0.0059082627999999995	1.02418	0.0182823
AC	0.3851759833	0.0832536633	0.050133
BC	0.09740649200000001	1.23759	0.085432998
BC	0.1918173985	2.362704589	0.2420134507
BC	0.21173013415	3.32439	0.199041
BC	0.0964097456	1.863584516	0.330714
BC	0.210864525	2.1825017911	0.1764206761
BC	0.1837466581	1.2227513825	0.0875476937
AC	1.69808612975	0.0908221256	0.213005
AB	0.7984927520999999	0.1405506538	0.114097
AC	0.1973776079	0.0445278	2.6019e-06
BC	0.0906748996	4.2297760774	0.217838797
BC	0.1909389943	1.9219533479	0.0758755712
AC	2.3144366247500003	0.0643994227	0.0328139896
BC	0.17696571490000002	1.154924027	0.221898
AC	1.94840338535	0.1237523656	0.352748
AC	0.5759346548	0.027423541	0.0586988
AB	0.832829	0.0908300392	0.0186181117
BC	0.06317790055	2.26769	0.0446289049
BC	0.08921343315	0.5501837888	0.0950821
BC	0.0821025586	1.85057	0.1168005378
AC	0.1297297736	0.0161967689	0.0108649865
BC	0.35931365535	0.9741043062	0.476482
BC	0.00523141285	0.5864781951	0.0378323
AC	0.76474631235	0.0821203933	0.0488075971
BC	0.21021110525000003	1.0951957022	0.0773421855
AB	0.21635161755	2.1982e-06	0.0253753
BC	0.05048128525	0.0699576	0.0034306529
AC	4.73928836965	0.0925610503	2.8259e-06
AC	0.5244506789	0.0777510957	0.0245020445
BC	0.0	0.1217632648	2.6577e-06
AC	1.53473991225	0.1312681659	0.289692
BC	0.037678906	1.323689291	0.0399592
AC	0.3882761714	0.0646076614	0.0186478463
AC	1.3316396723	0.2313963143	0.1542111764
AC	0.3163210636	0.0955967	0.1119848902
AC	0.8961186581	0.0470070295	0.0219369382
AB	0.21090032155	0.0397299372	0.0079527224
BC	0.08903502904999999	1.4402111246	0.0112133475
AB	1.2468702588	0.1505402216	0.025873063
BC	0.14567047445	4.15248	0.1872369726
AC	0.724788699	0.053578	2.1437e-06
AC	1.17927061845	0.0617423205	0.0503864489
BC	0.17892301935	1.7439293198	0.1069243226
BC	0.11878914505000002	2.89242	0.105984
AC	0.6817193047500001	0.0122909522	0.0327598
BC	0.32621412335	1.7820119461	0.1756225609
BC	0.12884758664999998	4.36642932	0.1392400166
BC	0.08558878389999999	0.22977	0.0163454139
AC	1.03077105	0.017932118	0.0409214
AC	2.95069626755	0.0531839351	0.30837
AC	0.1870331193	0.0381355873	0.100622
AC	0.24996169000000001	0.0790210464	0.006398933
BC	0.14623658355000002	0.5991211692	0.0269530737
BC	0.056726728850000005	1.11663	0.0466663156
AC	1.7461069917499998	0.0351681976	0.0315989475
BC	0.0767716959	1.8967212206	0.0713106374
BC	0.13549830655	0.7019384125	0.0171542278
BC	0.0	0.0688226	0.0
AC	0.2971826	0.0304781109	0.0081642379
BC	0.08249219555	0.294802	0.0129329386
AB	1.14066949165	0.0631586674	0.0231577914
BC	0.05348828255	0.676444	0.0427624683
AC	1.0851175320000002	0.210911	0.1411492484
AC	1.3066526096	0.0263459997	0.0210877577
AC	0.6243319105499999	0.0719279696	0.207239
AC	1.0814177746000002	0.0343608715	0.0085492352
AC	0.972103988	0.5754768269	0.128566
BC	0.020172862049999997	0.473896	0.0045568979
AC	2.3480590355	0.0727041148	0.0964801
BC	0.03122937605	0.785041	0.0141093783
AB	0.4008541322	0.09728489929999999	2.9101e-06
AC	0.1275096	0.0208817562	0.0610312
BC	0.1783535364	2.8872704831	0.092909
AC	1.3552005358	0.0212271988	0.0078448079
AC	1.0324947401	0.1432160341	0.295444
AC	2.03541975	0.062724612	0.0635852642
AC	0.6803274644499999	0.0448715	0.0069845022
BC	0.08356497045	0.8982720383	0.239042
BC	0.062052245	0.6692508119	0.0725945
AB	0.8179790909	0.30236922509999997	0.193076
BC	0.14324125375000002	2.96357	0.0349102141
BC	0.03520381155	1.19221	0.0193065563
BC	0.12114103055	1.2785277377	0.0202329364
AC	1.5375595354	0.497993	0.1440232956
BC	0.5493291739999999	0.946867	0.507943
BC	0.23834783685	2.806626394	0.091291117
AB	2.285285	0.1548142879	0.0830375896
AC	2.60266920895	0.3525369099	0.26511
AB	0.6444808	0.0514513795	0.0097833014
AB	0.03743229	4.273e-06	2.1365e-06
BC	0.02262273875	1.44916	0.0333407722
AC	2.7715828643	0.2862507534	0.244897
AC	0.9819047912	0.1396796076	0.0456661923
AC	1.97544551195	0.0258475228	0.02331339
BC	0.09991875615000001	0.8603695204	0.0764589351
BC	0.08779246660000001	0.563119	0.0432753089
BC	0.24633041839999997	1.6894183462	0.2676986412
AB	0.48688185075	0.0681353999	0.0103377553
BC	0.050130990699999996	1.0701046677	0.0289003006
AC	0.29784273634999997	0.0498486601	0.0170239209
BC	0.07157303200000001	1.8005279725	0.0882116
AC	3.1144886421	0.6164232867	0.5170462356
AB	2.8154930916	0.5469304791	0.0636972534
AC	0.85357117215	0.029135359	2.6181e-06
BC	0.20360211865	2.5366205277	0.1322880873
BC	0.0607680684	1.0926771931	0.098569
BC	0.0765147947	3.0491704491	0.0769811583
AC	1.438433092	0.0558202862	0.0696973
AC	0.8020069999999999	0.0096842273	0.0036807585
BC	0.1633990952	1.1778554151	0.1018888061
BC	0.050526977400000006	2.34894	0.0957936
AB	0.76941711955	0.16953170750000002	0.0217340748
BC	0.0683939214	1.18747	0.118073
AC	3.74027043735	0.1220407584	0.0502797261
BC	0.31038597405	2.2954793516	0.296686
AC	0.34077847835	0.0172996359	0.0061577081
AC	0.76251156085	0.0688896507	0.0411749477
AC	0.7945921149499999	0.0281405179	0.0001773595
AC	0.8773158301	0.0252287428	0.013773343
BC	0.0	0.484197	0.00310863
BC	0.014922065000000002	1.3253407413	0.057544
AC	2.33004721205	0.0195555304	0.106398
BC	0.20697766375	1.4609147296	0.1052982281
AB	0.18243327175000001	0.0610294	0.011903433
AC	2.0550761506	0.0598169507	0.0931856
BC	0.1097679111	3.6670724912	2.2752e-06
BC	0.09175265955	0.8566864882	0.0938210739
BC	0.1826059604	2.341334308	0.1330293937
AC	3.12121788235	0.0185915558	0.0121458972
BC	0.053560082	0.3468895603	2.3435e-06
AC	0.56378805775	0.0323926257	0.0111523287
BC	0.16137770215000002	1.9525664654	0.278521
BC	0.27645580285000004	3.0136058125	2.6213e-06
BC	0.02095820345	0.703955	0.0104372409
BC	0.24360653755	2.2846456344	0.2590719304
BC	0.22775004734999998	4.5641484493	0.3085450332
BC	0.1395102242	2.7726235064	0.1508379416
BC	0.02260812485	0.8402935794	0.0324586621
AC	0.20574505915	0.0284449855	0.0155408115
AC	0.772183312	0.0249196914	0.0145554024
AC	0.6809521263	0.0461271289	0.0479576
BC	0.11224447679999999	1.2896337175	0.0418446386
BC	0.04830469285	4.19926	0.0078846124
AB	3.25120554735	0.5151786496999999	0.253204
BC	0.020994656150000002	0.760177	0.0104940868
BC	0.007397802500000001	0.418575	2.9127e-06
BC	0.06947562245	1.5679736327	0.12035
BC	0.2230851039	1.36596	0.0361823531
BC	0.0088640804	0.2574213688	0.0387606
AC	0.2551248217	0.0190672255	0.0332635
AC	3.64395280325	0.0468237337	0.0236654934
AC	5.0747512956	0.57921	0.801825
BC	0.13410089575	1.10515	0.13101
AC	0.32527935	0.0067436383	0.0067790753
BC	0.17117399969999997	3.3536239821	0.301523
AC	0.22512223245	0.0244618171	0.0215597925
BC	0.0429785	0.5338187929	0.0281263
BC	0.23314273235	0.9957009933	0.241866
AC	0.48007630805	0.0802616982	0.0410716134
BC	0.33665393355	4.04283	0.3807085327
AB	0.0490655469	5.0614e-06	0.0065492364
BC	0.0932913742	5.1569761698	0.1481601528
AC	1.2193475111999998	0.020592483	0.0155728884
BC	0.09843226799999999	2.05663	0.116395
BC	0.0472992869	0.826430194	0.148023
AC	0.886299706	0.1397173665	0.0200015307
BC	0.2026537223	1.561108032	0.1894430048
AC	0.8021941434000001	0.1162165905	0.1218074671
BC	0.09296862885000001	4.0506540994	0.030579749
BC	0.2633603819	3.9606510149	0.1941051098
AC	1.7490750877	0.0634430759	2.5833e-06
AB	1.93507026205	0.219302066	0.1168203203
BC	0.13442903309999998	2.5580172016	2.0684e-06
AB	0.7127379847499999	0.0648195835	0.0124121691
BC	0.1846013547	1.2466491306	0.257427
AC	1.0384368204999999	0.0387608361	0.039079261
BC	0.11204266260000001	1.1041999757	0.308424
AC	0.86474334835	0.0900723403	0.0402653
BC	0.4816962409	4.972416455	1.02328
AC	1.0246394157	0.0315151697	0.0185173833
BC	0.2081528418	0.7793279415	0.135072
BC	0.049499476800000004	0.6068814806	0.0252777796
BC	0.2352671928	1.6457395168	0.0998269975
AC	0.82940664075	0.0495000577	0.0329272
AC	0.6608764702500001	0.134931726	0.219717
AC	0.38493557995	0.0367748518	0.0045604066
AC	0.9577296907	0.056462055	0.0887426
AB	2.384608	0.3278133574	0.5060816435
BC	0.06693320785	0.8130448818	0.0568518
AC	1.2804858796	0.0837507	0.0502419407
BC	0.02541851515	0.429983	0.0395831
BC	0.35356644499999995	5.73901	0.3836891569
AC	0.17908727089999998	0.0242735	0.0736076049
AB	0.22362511489999998	0.0109425119	0.0110183315
BC	0.10078442725	1.97747	0.0976584
BC	0.0770493894	1.26708	0.0464309637
AC	1.89932571695	0.0503965335	0.049756969
BC	0.2657770305	2.2758937602	0.244136
AC	0.44624240505	0.0704641633	0.0549794088
AC	0.03114882395	0.0084338889	0.0032064331
AB	0.9926659024000001	0.10990428449999999	0.0394223885
BC	0.0717095537	0.9114059533	2.1507e-06
BC	0.1120959657	1.1272800266	0.10387
BC	0.10275150470000001	0.8249675856	0.013626453
BC	0.0794732612	0.691224	0.0100089239
BC	0.19675270335	2.4286902366	0.1537575951
BC	0.13687035095	2.94061	0.7072242746
BC	0.060696495749999996	0.2370022944	2.2439e-06
BC	0.2091210927	1.78517622	0.1373
AC	1.36180957285	0.0899181525	0.0350964039
AC	0.7041047174	0.170379372	0.0568549258
AC	1.16578353985	0.1612964922	0.0269636733
AB	0.68763438225	0.0404536	0.1048893631
BC	0.25193623989999997	10.0088	0.4220177285
AC	0.10899416125	0.00905274	2.9767e-06
AC	5.7931691367500004	0.8631468366	0.3723806109
BC	0.1331761593	2.1280067258	0.0610614433
AC	1.03857390205	0.1403829592	0.1015715813
BC	0.1494680379	0.9807433826	0.0814278
AB	0.30102955035	0.022588521400000002	0.0042076106
AC	1.7453453831499999	0.1124419701	0.327582
AC	1.50711718405	0.1316499311	0.0019435467
BC	0.11619424890000002	0.8345677219	0.175615
BC	0.16654507755	0.560029	0.0833056
AB	0.0092983	0.0	0.0
BC	0.37896971859999995	2.0892259284	0.0632146293
BC	0.19507204075	1.2356069309	0.0144768306
AC	0.53049977525	0.0347154625	0.0109694821
AB	1.39440158305	0.5516451105	0.0886681741
AC	5.0564819052	0.060213427	0.0549179091
BC	0.61838210705	3.6255702415	0.3789479876
BC	0.0541527038	0.3092170078	0.0362985673
BC	0.05018285	3.95172	0.1471783451
AC	0.390747826	7.47675e-05	0.017857197
AC	0.6460404852	0.0351515358	0.021184215
AB	1.6814238522	0.1629464986	0.0495294424
BC	0.04024781405	1.19013	0.0468337
AC	1.8840175814	0.1929582264	0.0411909329
AB	0.8997374225	0.4272226725	2.346e-06
AC	0.37809333505	0.1002416011	0.165201
BC	0.20187219639999998	2.21616	0.0876665108
AC	0.7780981499999999	0.0398974719	0.023606438
AB	0.0452847265	6.529499999999999e-06	0.0076596
AC	2.2464874788	0.095712959	0.0617808
AC	0.67988673	0.0600720367	0.125477
AC	0.20058308119999999	0.0257186179	0.0058985042
AC	1.9395632065	0.0437738672	2.4691e-06
AB	2.3310929615	0.3310659666	0.0559559048
AC	1.44359546955	0.1162443851	0.0215821814
AC	2.45111571955	0.2718009287	0.0122829852
AC	1.92275621215	0.1749304985	0.1152064729
AC	1.51855268155	0.1845442923	0.0442898764
AB	0.07248476364999999	0.14735130240000002	0.0063023227
AC	1.2148881981500002	0.2750189992	0.0716423191
BC	0.01774483575	0.211919	0.001856299
BC	0.00685964545	0.674036	0.0437191
BC	0.10545078585	3.6228753653	0.0987190102
AC	1.6176831246499999	0.0550987321	0.0550757314
BC	0.08994813545	0.707667	0.0441335605
AC	1.9181760485000001	0.447565	0.0789418804
AC	1.167323988	0.243713	0.1114707977
BC	0.0	0.285074	4.4336e-06
AC	0.49523134865	0.0520519693	0.0315287787
AC	0.5252685	0.030875813	0.0240013965
AC	1.5661205069500002	0.1410188004	0.0750589091
BC	0.46908647849999996	4.15113	0.6281059356
BC	0.042061498399999994	1.1349913393	0.130191
BC	0.32685526400000003	1.4745328656	0.0296836415
BC	0.03346624005	1.1413027588	0.0525969564
AC	1.8745502773	0.1708915456	0.0207967268
BC	0.04707382415	0.525545	0.0132304028
AC	2.4448555183	0.819943	0.817395
BC	0.0860370084	2.23931	0.0194193987
BC	0.1098127907	5.2522995969	0.1693408295
BC	0.0995294093	1.0972996654	0.0850857
AC	0.31837006175	0.0178762	0.00525755
AC	1.8886792361	0.0747148785	0.0744915
BC	0.09542293125	2.45147	0.0227462521
BC	0.03604000455	7.2256455321	0.338491
BC	0.026979761650000003	1.4711824575	0.313438
AB	0.20095196495	0.008550787800000001	0.0016462205
BC	0.08780301095	0.626435	0.0711675347
AC	1.32601099095	0.0957798764	0.0257689025
AC	1.2278017317999999	0.0670007669	0.0356214218
AC	2.92009256975	0.1619923549	0.160506
BC	0.06198043835	5.4722338669	0.0394565392
AC	0.30486593355	0.0289340868	0.0445226
BC	0.18556176725	1.19178	0.2036419783
AC	1.61539195545	0.0845631001	0.424654
AB	1.2292971383	0.31851527269999996	0.1799643262
AC	0.3496460078	0.0361741461	0.0173053
BC	0.11238484315	1.2417790643	0.1121758065
BC	0.060036044950000006	2.04217	0.3818532322
BC	0.32957662914999997	3.1302063003	0.0063470826
BC	0.18297817285	2.5814	0.0633335729
BC	0.11184060579999999	1.8354128474	0.166736
AB	0.40412104155	0.0390318019	0.0258794
BC	0.17827569465	0.695923	0.0508379
BC	0.4108126531	1.8180963473	0.1900644698
AC	0.3970051822	0.0060709496	0.0137448
AC	0.21234054254999998	0.0233901549	0.0249491
AC	1.009338794	0.0752795716	0.0237230214
BC	0.48387292165	3.7734679479	0.462847
BC	0.0153617549	0.852222	0.0075700438
BC	0.07509152695	0.934129	0.1598066118
BC	0.2873681516	2.0203359639	0.0828442893
AC	0.5036330966	0.1504739721	0.071115
BC	0.08756374145	2.06448	0.0312179681
BC	0.0372766638	1.12071	0.0073398011
AC	1.33420173235	0.0154273466	0.015282353
AC	2.44005964055	0.0646772753	2.1368e-06
AB	0.7964801683499999	0.2238522157	0.0508299
BC	0.040137340449999996	0.772966	0.0080328997
BC	0.01559156795	1.51678	0.0033238729
AC	0.74491861415	0.0138220088	0.024062
AC	1.1128705211	0.1077444831	0.0221067812
AC	0.8167750707499999	0.1156232034	0.0663489553
AC	0.419102656	0.0861306082	0.0171698878
AC	0.0707542901	2.0073e-06	0.00405396
BC	0.28650486015	2.4405106833	0.2085865996
AC	0.47333164640000003	0.0719210057	0.0450597
BC	0.13971428484999998	2.7620399264	0.1321785938
AC	2.18789734125	0.1035356859	0.0431336316
BC	0.02330771195	0.8320439411	0.0553998852
BC	0.3780126101	8.8227711058	0.3294597856
AC	1.1753156069000001	0.0637866327	0.113724
BC	0.04757114325	1.33093	0.039104
AC	0.9243737038	0.130402	0.0196975984
BC	0.1274570117	1.5070974042	2.6369e-06
BC	0.028800820300000002	0.7459620508	0.0535134
AC	0.01823335535	2.0763e-06	0.00240028
BC	0.189384	1.0186018748	0.162835
AC	0.13117875	4.4208e-06	2.2104e-06
BC	0.13267769875	1.90533	0.0637931
AC	1.87597445815	0.0272194918	0.0159729819
AB	0.49534833764999997	0.092343262	0.0114827602
BC	0.10785224585	1.0675743361	0.0824152992
AC	0.22185495955	0.0970979638	0.0151709647
BC	0.1955957741	1.3990186621	0.0677096216
AC	0.45186371340000003	0.1460135933	0.0652247
BC	0.39591583835	1.5628864183	0.1219018527
AB	0.7632684743	0.2560326642	0.1534603695
BC	0.1580667898	1.2893629923	0.0980316839
BC	0.03174874555	0.680474	0.025003
AC	0.6665745186	0.0094575648	0.0214988
AC	1.3463305599	0.0369715746	0.0372396553
AB	0.33455748134999996	0.013814448900000002	0.0047197
BC	0.011390909300000002	0.2986001758	0.0237934
AC	5.26051410925	0.236860521	0.1531312257
BC	0.43072226095	1.65272	0.1603356092
AB	0.39777003694999996	0.0157272	0.0499784
AC	0.11583411960000001	0.0414071	0.0090082326
AB	2.18480175265	0.2038791096	0.0261208028
AB	0.89868113995	0.2157707276	0.0899676165
AC	0.569132034	0.0674558215	0.0150648927
AB	1.06665952875	0.2159285389	0.138399
BC	0.052987902749999996	2.4527752071	0.0604437446
AC	0.36595335819999997	0.0306453642	0.0233919
BC	0.032931431299999994	0.6952981228	0.0310775401
BC	0.07546670664999999	0.2339733048	0.0426415679
AC	0.33428416635	0.0223753079	0.007612478
BC	0.0	0.174151	4.724e-06
AC	4.417196247	0.0970061839	0.0456951489
BC	0.0572471287	1.8369263134	0.109992
AB	0.4788115742	0.0563115701	2.5789e-06
BC	0.28553362005	0.242523	0.0144566
BC	0.11365786815000001	1.65018	0.101291
BC	0.17816792945	2.778717069	0.212731
AC	5.1950896236999995	0.1801229131	0.0202556997
AC	1.6796793314	0.0479355623	2.6088e-06
BC	0.08045561185	2.21678	0.0195117
AC	0.22143716360000001	0.0358789085	0.0012198291
AB	0.77791820955	0.1268904345	0.0393460424
AC	0.89525197505	0.2039758896	0.0420104934
AC	1.6572306738	0.0772748107	0.0470336
AC	0.9874684365999999	0.021967438	0.0767583
AC	0.90174114705	0.0344889856	0.0047080505
BC	0.0	0.320071	2.1049e-06
AC	0.5680679901	0.0331051449	0.0003651765
BC	0.054459583549999996	2.06211	0.0794580678
AB	1.0072884536	0.2561941418	0.0515924305
BC	0.24867772300000002	1.6884562472	0.140797664
BC	0.00580527455	0.367832	0.00220091
AC	0.5568858426500001	0.1115581221	0.0859404
BC	0.05057727745	0.5368752251	0.123056
BC	0.1007488575	0.6089259865	0.1129623058
BC	0.11416074004999999	2.0462259553	0.039951733
AC	0.2938315543	0.077322014	0.0112342989
AB	0.78169170965	0.0222577528	0.0081669322
BC	0.56390368265	3.9372216507	0.275443
BC	0.01719878085	0.7484229187	0.0357971
AC	0.5542266218	0.0338999255	0.0351482
BC	0.245626261	1.58117	0.0613515391
BC	0.02353951	1.85108	0.024687654
BC	0.06347995000000001	0.8951810757	0.0173133
BC	0.0863077626	1.6604016903	0.0625039224
AC	0.80368605465	0.0434239497	0.0502333
BC	0.0476802169	0.382932181	0.0186255437
BC	0.1071396882	0.873407927	0.0104920584
BC	0.0230014331	1.2092494294	0.0356659856
BC	0.08814449785	2.22427	0.1983236261
BC	0.790672278	3.1299191964	0.3784200656
BC	0.0144352188	0.462736	0.0316439
AC	0.3408816388	0.0607259359	0.0299808829
AC	1.13280503375	0.0948756268	0.0212835323
AC	1.3948908063	0.0600635214	2.7469e-06
BC	0.08232306515	4.0778074145	1.3183e-06
AB	0.1295920763	0.0289184	0.0035421786
BC	0.08838934600000001	0.8792736167	0.455608
BC	0.0792402605	0.3378548459	0.0899251
AB	0.7214274004	0.09940305020000001	0.0528822941
AC	1.1788876480500001	0.0387305806	0.0195667124
AB	0.42652658465	0.30192677960000003	0.0385736541
AC	3.11688374555	0.3823821162	0.0910352143
AC	0.23551326395	0.0214098	0.0088875341
BC	0.11539604055	2.0838237446	0.0920165298
BC	0.12791684165	3.82145	0.3054007596
BC	0.1004912596	3.1285051899	0.0647665341
AC	0.9867557488500001	0.0172264042	0.0186427102
AC	0.21391085	0.0299934382	0.014490137
AC	0.9117424174	0.0372909506	0.0093124053
BC	0.1777911049	4.8521347666	0.0463702735
BC	0.0591879744	0.249045	0.0425588
BC	0.20656292215	1.7711013291	0.227434
BC	0.09710772335	0.4387075755	0.0995578349
BC	0.00357644135	0.496697	0.0194212057
BC	0.09545775315	0.968447	0.0396032124
BC	0.25777675715000004	2.5603717709	0.1076860265
AC	0.7613480203499999	0.0397773859	0.0287589526
BC	0.00690350655	0.158682	0.0016817643
BC	0.59658500545	4.26245	1.01148
BC	0.0370993411	0.206233829	0.0206433196
AB	1.1808555402	0.068667	0.0911497843
AC	0.5605790088	0.0641203519	0.0182072161
AC	2.14365876685	0.157154157	0.442604
BC	0.049507700599999996	2.1488	0.0263957
BC	0.04800087065	0.772084	0.035764
BC	0.0629650735	0.8529298837	0.0442393
AC	0.76518785405	0.1119935638	0.0179784853
AB	0.3126097951	0.00692392	0.0159494159
BC	0.068498241	1.5656668875	0.0349728694
BC	0.0199163142	0.620678	0.0214819141
AC	0.84118534955	0.0357068719	0.0103369282
AC	1.0714664026	0.198351	0.0886307837
BC	0.0353199061	0.202554	0.0266168
AB	0.5818961471	0.0420110728	0.0146240079
AC	0.9801843660999999	0.056974526	0.0670830527
AC	0.97875664975	0.1183220521	0.0476443926
AC	1.57834685155	0.1114041037	0.146857
BC	0.16530265125	3.5294719157	0.0286101613
AB	0.584972072	0.0205701	0.008429349
AC	0.9655387128	0.0773498286	0.0353231854
BC	0.010416475	0.401086	0.0069515027
AC	0.653885415	0.0782833267	2.24e-06
BC	0.25507420895	6.9556506875	0.2761255059
BC	0.0158989686	1.16718	0.0609132338
AB	1.7189396867	0.7095705659	0.1242735782
AC	1.130760054	0.1525550776	0.0541684615
AB	0.17316049965	0.0186392365	0.0058495497
BC	0.10738171064999999	1.397549627	2.2282e-06
AC	0.8758581181	0.0748917999	0.0215859395
AC	3.7200882907499997	0.0429587998	0.1187500937
BC	0.1859060159	2.202735722	0.2136603932
BC	0.2001000878	3.0798	0.288125
AC	0.98336867115	0.1002098762	0.0329405032
BC	0.21107334640000003	1.34857	0.021321187
BC	0.03782191725	0.873782	0.0160886642
AC	0.66643123765	0.0366605697	0.0331170181
BC	0.18578377015	2.3141030132	0.0562928309
BC	0.01885481205	0.2481088717	0.0143417942
BC	0.03326545335	0.9566810634	0.0137981234
BC	0.038085871849999994	0.6904199661	0.0437599001
BC	0.0594186831	2.13971	0.1259219972
BC	0.00838112115	0.290742	0.00648738
AC	2.03882643605	0.224947	0.3256138457
BC	0.09911502559999999	1.01987	0.059399
BC	0.1281943922	3.76248	0.0854556855
AC	0.30414155	0.0186210003	0.0369701068
AB	0.18224343405	0.0457019459	0.0222258757
AC	5.1577916298	0.0693782744	0.0251005873
BC	0.2219393384	1.1537001305	0.239059
BC	0.0532739872	1.5971194051	0.0354086998
BC	0.2037585336	2.0585565996	0.642478
BC	0.8946798618	3.7154514185	0.9654235524
AC	1.3599900689	0.212441315	0.49153
AC	0.9799445022500001	0.0986021432	0.0354079658
BC	0.5066071892999999	1.9456351433	0.511847
AC	0.66655756285	0.3149943558	0.0293262965
BC	0.022500106149999997	0.461563	0.0107721219
BC	0.45626242400000006	2.4795938429	0.1606156121
AC	4.12849580805	0.2430437402	0.1628675659
AC	0.7229424088499999	0.0356288013	0.0500014
BC	0.1595015014	2.3687156061	0.2086923758
BC	0.1522014893	2.587835643	0.10012
BC	0.1333475921	1.5679159101	0.108178
BC	0.01888892075	0.522101	0.0056845162
BC	0.09368751809999999	0.447562	0.0177967
BC	0.05688470179999999	0.986452508	0.037928148
BC	0.12501039515	4.3815645725	0.0175919
BC	0.0875932578	0.5567459789	0.0230976949
BC	0.0109474771	0.931693	0.020973
BC	0.21018407325	1.9131013208	0.1802954522
BC	0.0830500265	1.22582	0.039944965
BC	0.268772913	4.5865839373	0.1899150811
AC	1.1185081	0.0325736386	0.0133244028
AC	0.80004919045	0.0731318422	0.0428558
BC	0.0329621763	1.0894545602	0.0223734356
BC	0.3193834443	1.3394650306	0.1564707269
BC	0.25845707565	8.8921390493	0.217149869
BC	0.0645721746	0.779969	0.0417738742
AC	1.9707595949	0.1065052971	0.0697583011
BC	0.0355642648	0.669575	0.0575869
BC	0.19243446445	2.76474	0.0930243404
BC	0.27883587735	1.7699123829	0.1886822431
AC	1.27283108575	0.1624454016	0.0224190113
BC	0.16573303550000001	1.5861574333	0.0867849265
BC	0.04587190025	1.13691	0.0847993559
AC	1.96948853145	0.0949843518	0.120574
AC	1.3449149777	0.0900502628	0.056859
BC	0.13749985255000002	1.2660406605	0.0192347457
AC	0.6106674128499999	0.0146796519	0.0121784
BC	0.00398378575	0.287795	0.00980708
AC	1.38996123725	0.25558	0.0700185889
AC	0.5825841498500001	0.0609666534	0.0679629
AC	5.5757720932	0.0970219975	0.660387
AC	2.10765620985	0.0292147621	0.0163525246
AC	0.7766321985	0.1665728857	0.100249
BC	0.2590852588	4.909617502	0.139964238
BC	0.26533094465	3.4605242852	0.2207666421
BC	0.2315138452	2.0571686893	0.0562387893
AC	0.9618684506	0.0476074988	0.0198804296
BC	0.2539043025	2.1302842647	0.325552
AC	2.8681955808499997	0.0626229156	0.025964811
BC	0.11524449055	1.9287884613	0.1150841062
AC	1.0806377555	0.218336881	2.2221e-06
AC	0.64728250565	0.125710651	0.0634550207
BC	0.31524269920000003	2.16301	0.2502677206
BC	0.11880532459999998	0.7834586816	0.0126837065
BC	0.0092666626	0.391597	0.0092729391
AC	1.09903181895	0.0863996237	0.0844476779
BC	0.33682765174999996	3.2375783247	0.2982813945
BC	0.31866860695	4.0422178171	0.282549
BC	0.34794887215000003	4.0692463907	2.9694e-06
BC	0.0866893696	0.1239379557	0.0145542861
BC	0.24693438955	3.711525636	0.0923593784
AB	1.2771486626000002	0.099516971	0.0178587652
AB	0.8805685	0.2134212518	0.0102243114
BC	0.0211423883	0.2154108107	0.0274408004
BC	0.1354716782	1.07199	0.0869091
BC	0.09655167505000001	1.0132996471	0.0329424233
BC	0.18652532875	2.8198982165	0.257714252
AC	1.4326823881000001	0.0953532984	0.111555
BC	0.14632589535	1.0195950835	0.281887
BC	0.42758770765	2.3114647104	0.1347950858
BC	0.13762649564999999	1.9670068745	0.1172716698
BC	0.1755354149	3.3816104387	0.1461865992
BC	0.0325962959	1.5306021469	0.0321551
AB	0.07032303375	0.0037973848	2.679e-06
AC	1.0170179087	0.1452169977	0.0392075091
BC	0.078930365	2.7540146471	0.126617
BC	0.0276827625	0.689533	0.0121980475
AC	0.9097273387	0.0530500745	0.0268825723
BC	0.0450208787	0.53024	0.0313109826
AC	1.6835912119	0.2227449176	0.144367
AC	0.22795993335000003	0.0175477548	0.0072045275
BC	0.08655334540000001	1.8382951053	0.0672742989
AB	0.25887352469999997	0.116806	2.7655e-06
BC	0.18815695625	1.9294406836	0.0742944717
BC	0.2366350724	2.36618	0.3438106645
AC	3.189898808	0.0242256969	0.0195221219
BC	0.1810670142	3.0649458415	0.244329
BC	0.1017610274	3.0763775148	0.0448548748
AC	4.8697231016	2.2719878902	0.3270194553
BC	0.60803518725	3.4492597457	0.6271378682
BC	0.1548546168	0.140037	5.1585e-06
BC	0.0439389168	0.650613	0.0142070414
AC	1.1745874406499999	0.0292902837	0.0106141312
AC	0.8522606197	0.1104946635	0.114494
BC	0.3690166925	2.1385220206	0.048322274
AB	0.931838422	0.231149881	0.05258638
AC	1.904664299	0.1336460531	0.0185282349
AB	0.0268844	0.0	0.0
BC	0.02194685485	0.317202	0.012442018
AC	1.6433503341	0.0712184181	0.0270807798
BC	0.01767060125	0.2858596574	0.0207345126
BC	0.2093349987	3.34267	0.3093669989
AC	1.146237563	0.2901711192	0.1992176034
BC	0.14925866525	0.6050593068	0.142544
AB	4.0000880940500005	0.0499733381	0.0184401553
BC	0.0050206114	0.233418	0.0151151
BC	0.0979759948	1.6504953253	0.128640909
BC	0.0732826457	1.5478708277	0.020199533
BC	0.0506395312	0.605421137	0.0208366126
AC	0.5551809613500001	0.0206080647	0.0156329425
BC	0.20865100719999996	3.1486118134	0.264836731
BC	0.37150751185	3.04523	0.2584173398
AB	0.7252855	0.22594479380000002	0.0412878493
BC	0.07940525165	0.1113450096	0.0245621
BC	0.07754690935	2.5461966364	0.185897
BC	0.0518295156	0.358226	0.0130444185
AB	0.0422214752	0.0034207355	5.271e-06
AC	1.3704181486	0.0332526172	0.0219952242
AC	0.84287904735	0.0368050417	0.0245296
AC	0.49107020385	0.0497145783	0.0380971938
AB	0.92762101155	0.2371639039	0.0414395597
AB	3.21529947805	0.27154952439999996	2.1594e-06
BC	0.12514817805	2.6711499336	0.1262944073
BC	0.07095839135	0.81313358	0.0625495392
AB	0.1020418	0.0987286	0.0250997657
AB	0.13215300375	0.0060608716	0.0053093046
BC	0.11741041114999999	1.2898281481	0.0742156
AC	0.26826464255	0.0072295809	0.0144005962
AC	5.19355852075	0.2260532289	0.1203376884
AC	0.76703582505	0.0976644979	0.0484466157
BC	0.09516734545	4.0079951102	0.300745
AC	2.8257544080000003	0.311872	0.1169844957
BC	0.09859980585	3.38673	0.1748213178
AC	0.47744022265	0.0464730694	0.0237910641
AC	0.47369124949999997	0.024194323	0.015797952
AC	0.9505388940999999	0.0427795606	0.0147525907
AC	1.1142415887500001	0.1005119062	0.064676403
BC	0.085162223	5.1953725013	0.0987453582
AC	0.1972091071	0.0081739795	0.0477065
BC	0.38312534940000004	7.6412915984	0.000979194
AC	0.57078112585	0.0484542141	0.0169187988
BC	0.183428945	3.02882	0.0292150562
BC	0.0444057028	0.460727594	0.0307120236
AC	1.05371260295	0.1002922683	0.0913418892
AB	0.7873638151	0.07914953179999999	0.0029623436
BC	0.09343302375	3.772483981	0.0519957
BC	0.01926330875	1.383722115	0.0223102991
BC	0.14633820555	0.9975237842	0.1176963693
BC	0.22240466604999998	2.82372	0.335379798
AC	0.7756451689	0.0243921774	0.0102826148
BC	0.12186838159999999	2.4737638278	0.037879207
AC	0.7035583000000001	0.0415239931	0.0214107365
BC	0.07804828545	0.9740064691	0.0213916013
AC	1.08409088455	0.0474160236	0.0159705629
AC	2.25713058245	0.1190857551	0.0406693712
AC	0.5670375517	0.0117735285	0.0113100791
AB	5.359393000000001	0.3244094267	0.0430352917
BC	0.0356931651	1.5520582346	0.0229134212
AC	0.13443783480000002	0.0098918239	0.0098692948
AB	1.0431247116	0.1002521231	0.0401143675
AC	2.46027408185	0.1057232515	0.0547131656
AB	0.9821193653500001	0.1817956543	0.0734380083
BC	0.00397117795	0.5080843639	0.0161173
AC	0.52636691175	0.054612524	0.0880913
AC	1.09635895085	0.120031	0.0329930935
AC	1.2708249898	0.1496179418	0.148378
BC	0.25647754019999996	1.9738825564	0.0943567157
AC	5.6813504540999995	0.6117156643	0.3259499536
AB	0.32749778315	0.0842497228	0.00955587
BC	0.21831677589999998	1.8051336136	0.1914800107
BC	0.01874487355	1.555040749	0.0315388
BC	0.20649761395	4.10143	0.044290819
AC	1.04491963265	0.0483954651	0.0321682911
AC	0.303083905	0.0342030714	0.0118583864
BC	0.0	0.110637	0.0
AC	0.3445586	0.0193309819	0.0163709373
BC	0.04956335535	0.648105	0.0322526654
BC	0.0033355292000000003	0.1303813769	0.00999014
AC	3.0035606463	0.0445562387	2.2555e-06
AB	3.2565878061999998	0.486517729	0.1446075301
AC	1.00396804815	0.58593	0.12152637
AB	2.3827142023	0.6119724992	0.1326888908
AC	0.8695143384	0.0740597802	0.0308674822
BC	0.62264070375	10.0638	0.0794668403
AC	1.4327943412	0.0901842	0.0611102394
AC	1.7497822165499999	0.0261540106	0.0526428
AC	0.65385663465	0.0166980649	0.0134252667
BC	0.14547083054999999	0.57793	0.0264037686
AC	1.8887350714000002	0.1115187606	0.0077039102
AB	0.5509725447	0.041683	0.016338
AC	0.79191895	0.19869	0.0920156154
BC	0.0719811176	0.555793	0.1512927501
BC	0.32690029935	4.6115241197	0.1583103974
AC	0.983101195	0.0830733504	0.0845941
BC	0.2072315639	2.1964637772	0.1263213098
BC	0.0353396167	1.72644	0.0487351
AC	0.66843634065	2.6913e-06	0.0066910408
AC	0.89747332595	0.0575014994	0.0651038173
AC	0.23728139915	0.0291109	0.0102601132
BC	0.28421158505	0.5904982733	0.120246
BC	0.0	0.29563	0.00586513
AB	1.67384463075	1.3416328865	0.703079
BC	0.0618420871	2.3781387287	0.112433329
AC	0.3366767737	0.0417110902	0.0079523448
BC	0.34934721515	9.9999980345	0.852479
AC	0.08879895	0.0	2.7916e-06
AB	1.21275163465	0.1051164624	0.0120909668
AC	1.89345881825	0.166411858	0.0747136377
AC	0.2794343159	0.0274338902	0.0130264698
BC	0.05175599715	0.856312	0.11906
BC	0.3239068205	3.31098	0.1012683543
AC	0.4680299951	0.0221931165	0.0195873905
BC	0.052301341700000004	0.345229	0.0157616886
AB	0.06810621895	0.0008308321	0.00672704
BC	0.28571942545	2.60372	0.1074342303
AC	2.6638267249500003	0.0612304388	0.0214860683
BC	0.16414569080000002	0.1209403386	0.52437
AC	1.4737406619	0.1133615481	0.0718953596
BC	0.1816108378	2.35821	0.0107931447
AC	0.2868673842	0.044291449	0.0326393
BC	0.21946672775	0.463869	0.0330613
BC	0.0188273321	0.83859	0.0203789
BC	0.09687477555	2.7863398279	0.157634
BC	0.0022149351	0.258952	0.0199921
AB	1.31456308305	0.37608258699999997	0.0105905479
BC	0.44451110535	1.546038594	0.0662293425
BC	0.08840178155	1.256959814	0.0931861
AC	0.2483008846	0.0154423826	0.0295646
BC	0.1173091241	2.1911437727	0.1851187849
AC	0.8627122741000001	0.0217577656	0.0169733359
BC	0.1552783724	0.8423110167	0.0606195309
AB	0.93013320025	0.48920684999999997	0.0572537903
AB	1.0824632251	0.5630277544	0.0397774905
AC	1.1219839752499998	0.0965826825	0.0171366669
AC	0.18862895235	0.1349113134	0.0408044013
AB	2.08239301295	0.1749071847	0.0408693384
BC	0.2059170816	2.63705	0.357467
AB	0.7877954392000001	0.040788076500000006	0.009174087
BC	0.11908490120000001	1.1318188745	0.038864739
AC	1.3628093583499998	0.033672919	0.0228136
BC	0.0434856677	1.7284504646	0.0124074
AC	2.1693730258	0.1696810859	0.0427441309
BC	0.14169156315	2.0292599179	0.111436
AC	2.8710388954	0.3899315281	0.2210734143
BC	0.23705897515000002	0.9413588021	0.1238739416
BC	0.37675514600000004	3.14869928	0.2200224973
BC	0.0691381324	1.2832126849	0.0420174
BC	0.19881965064999998	5.82471	0.541606
AC	1.1505549973	0.0931249703	0.0576917897
BC	0.09355273375	2.0652991628	0.0676505668
BC	0.1016741168	1.4455580999	0.093287354
AB	5.376385299150001	0.45049802829999996	0.1059599937
BC	0.18157363435	1.541373251	0.1690655255
BC	0.1781091332	1.294004052	0.21711
BC	0.21674949999999998	2.11806	0.2884299229
AC	0.6585560622500001	0.3128675307	0.2129781002
AB	0.9915924789	0.2858182641	0.0738699411
BC	0.0779246663	1.2561183076	0.0448890845
AB	0.8170062594	0.113432518	0.0127652528
BC	0.20148309855000002	0.9690487071	0.0502897067
BC	0.26677722424999994	0.7419434432	0.226852
AC	2.4745184699	0.3561050183	0.173855798
AB	0.58622985365	0.1067352402	0.0143620511
BC	0.0153955086	0.5787	0.013033
BC	0.0647996594	1.07904	0.0843114291
AB	5.99328018715	0.9441629557	2.5638e-06
BC	0.14139405515	2.00231	0.0468834
BC	0.1322752079	2.79959	0.0223443172
AC	1.04540471045	0.2298047521	0.0940101
BC	0.19237165515	2.3892136668	0.11494217
BC	0.10909618	3.3357029645	0.1102156996
AC	0.1129981865	4.5852e-06	0.00991649
AC	1.12065792515	0.1280239392	0.0738963484
BC	0.08285247235	0.3066083613	0.0360038
BC	0.1949562934	1.7266082186	0.170051727
BC	0.04647027855	2.06347	0.035226278
BC	0.1671618153	1.90234	0.0829551
BC	0.0226706057	0.778766	2.2256e-06
BC	0.37301450365	6.6129164935	0.2227682333
AC	1.2178141531	0.2047466862	0.145425
AC	1.05590019255	0.0355609672	0.0063308287
BC	0.07301443815	0.7272109451	0.0123460213
AB	0.84315146845	0.1554363816	0.018743483
BC	0.21193770125	1.1499356838	0.0775346856
BC	0.0341643553	0.3738417872	0.0035437309
BC	0.104873043	3.407412989	0.2425414278
BC	0.12492780505	2.66234	0.1232676731
AC	0.62850274595	0.0635753	0.0662139
AC	4.0817007505500005	0.1652945383	0.0564814728
AC	2.07865753535	0.0761250249	0.0296842216
AB	3.26851112045	0.2735535736	0.164292
AC	2.6973946435	0.087578	0.0352859176
AC	1.7327974608	0.0817481202	0.0022905895
AC	2.60518855235	0.0732453056	0.0742611932
AC	0.1878725808	4.859e-06	0.0078711994
BC	0.02757657335	0.777799	0.104641
BC	0.07585420215	6.1148063583	2.6567e-06
BC	0.14170633829999998	2.9776789128	0.0686589409
BC	0.2656046805	2.09101	0.0373298607
BC	0.00427019415	0.326046	0.00852685
BC	0.0616736	1.0583892898	0.0679527213
AC	2.69458345725	0.2838031575	0.0664997239
AC	1.27123727655	0.079510728	0.0475982513
AC	1.24524446985	0.0503023929	0.0502525932
BC	0.17138480625000002	1.1706025012	0.0867472228
AC	1.0992384947	0.0504004524	0.0370750828
BC	0.1604353668	2.7053716905	0.1533969206
BC	0.049204550099999994	0.8199032553	0.0247324
AC	1.1023572719999999	0.0646650432	0.0007383921
BC	0.21726756355	3.46587	0.371446
AB	5.0090340585	0.263840822	0.0708333695
BC	0.05515587535	4.71717	0.0271778
AC	0.9439599710000001	0.096297	0.0330552793
AC	0.3910130908	0.0184027927	0.0199387301
BC	0.0011802256	0.12326	2.1006e-06
AC	1.3603242252	0.1343988067	0.31082
BC	0.24831515675	9.9999988415	0.64772
BC	0.1210142517	1.06507	0.0671204
BC	0.09292122535	2.71684	0.434636
AC	0.6998605634999999	0.1245024213	0.0832129455
BC	0.11027248555	0.8016941703	0.0483594126
AC	1.47542038215	0.056433878	0.0319614576
BC	0.1344418088	3.7597911993	0.0811402956
BC	0.2317186328	1.36048	0.0397861839
AC	0.9752294504	0.1773722665	0.1314417209
BC	0.0618051466	2.15567	0.0148482099
BC	0.18783403469999999	1.65469	0.0476272035
AC	1.5558592445000001	0.033348696	0.0296357772
AC	0.79896087905	0.0363963102	0.0075629986
BC	0.0629244402	1.4776	0.1231713335
AB	4.7925219155	0.42474419480000003	0.1046651083
AC	1.5360235948	0.0285557091	2.0166e-06
BC	0.09237179649999999	0.882384	0.0259756616
BC	0.17022880495	1.7081282067	0.0407686704
AB	0.210323515	0.0409393903	0.0018398698
BC	0.026961966400000002	0.802422	0.0194298792
BC	2.2495927056	1.8276108965	0.186627
AC	1.6614762483	0.0896241585	0.0223360277
AB	0.8487756814	0.24458403880000001	0.0351815865
BC	0.2532628255	3.6717407321	0.317515
BC	0.0269563415	1.2024	0.0207065
AB	0.87455636375	0.1178672596	0.0398016
BC	0.014692812150000002	0.333294	0.113214
BC	0.08541440645	1.8333655014	0.0694431291
AC	0.43613878115	0.0962882	0.0649619
AC	1.7228143844500001	0.0682207485	0.0831863
BC	0.035490193249999996	0.5658778055	0.0391572
BC	0.2350467569	1.59605	0.2264472289
BC	0.13936587065	1.0303412037	0.0809646
AC	1.23576888705	0.0770178629	0.0057115973
BC	0.0682297095	0.657049292	0.0447251
BC	0.005140485	0.3548440958	0.0183093
BC	0.3481340433	3.56521	0.0508426852
AC	0.4048671035	0.0639745661	0.0175205862
AC	2.3634140042999996	0.2492357359	0.1118652206
AC	1.16870776635	0.4174736633	0.0095723045
AC	2.21115585665	0.1452318826	0.0111956029
AB	0.41718489225	0.11261186819999999	0.0617292
BC	0.2665322295	3.8288778544	0.2213067728
BC	0.22861352550000003	2.0279	2.995e-06
AC	1.3248809079500001	0.1741422932	0.037252614
BC	0.06285312255	0.3371536157	0.0350169
BC	0.2443289609	1.7445106767	0.0576123036
BC	0.0732562023	1.1094068277	0.0531401734
AB	1.1718230472500002	0.25763659159999996	2.0463e-06
AC	0.3980661929	0.0207749727	0.0208528139
AB	3.9892601843	0.6711725169	0.0756214103
AB	0.33507753645	0.0066708	0.0123743171
AC	1.0671676	0.0512164494	0.0270700602
BC	0.0044935	0.298033	0.0027772084
AB	0.26938665964999997	0.0416766	0.0104697217
BC	0.3535785287	6.4541747145	2.8322e-06
AC	0.57233289175	0.0839596481	0.0474959045
AC	3.72832224815	0.1769454922	1.77427
AC	0.44638589145	0.0482376065	0.149571
BC	0.0933129247	0.9232251884	0.0439220985
BC	0.0690488443	1.04816	0.0053119041
AC	0.1646761105	0.0456531787	0.0128702691
BC	0.13586330725	7.0111160177	0.2552140634
BC	0.0031512883	0.0982587	2.4933e-06
BC	0.1823151587	1.6125615467	0.127064
AC	0.22816667385	0.0111279	0.070698856
BC	0.14896110355000003	0.5494240681	0.0528142757
BC	0.0560559324	0.5989453928	0.0562208
BC	0.6496189125	1.5733078002	0.1687932318
AB	0.5318060809999999	0.0454949	0.0074704682
AC	0.59138908985	0.0197074867	0.0088225085
BC	0.1001675852	1.4461543146	0.0827348
AC	6.16180657395	0.348531382	0.2262950154
AB	1.99251519765	0.0367380939	0.0351003971
BC	0.041654032150000006	2.39814	0.0091105488
AC	1.8236009709	0.1726969532	0.0737709092
AB	0.7521672521	0.1108316033	0.101531
BC	0.0653193085	1.0103248122	0.0565554834
AB	0.5570493072	0.0208640034	0.0029501408
BC	0.0252910439	1.23452	0.0111250094
AC	2.26053458155	0.1508216026	0.0628148263
BC	0.16038131290000002	1.41219	0.094421261
AB	1.35226291005	0.1574834226	0.0415086174
BC	0.08065196720000001	1.42718	0.0404558078
AC	1.8151460516	0.1321800279	0.0844318601
AC	1.71089959895	0.0164657307	0.0043225417
BC	0.19622191415	1.5480252516	0.1093150229
AC	1.2103523114999999	0.0414901785	0.169707
AC	0.88814806285	0.272565	0.9987322193
BC	0.30905345205	2.8331237506	0.1786819656
AB	0.5195689209000001	0.0302292	0.0088799232
BC	0.06423265705	1.0126928183	0.0256183
BC	0.5051796372499999	5.48739	0.1989775965
BC	0.1379228254	0.643534	0.285823
BC	0.08635154345	0.673399274	0.006188911
BC	0.1357489133	1.31604	0.0586847
AC	1.0547591783	0.0385835941	0.0289933752
AC	0.273839095	0.0157609122	5.784e-06
BC	0.10417181169999999	2.7176283317	2.0158e-06
BC	0.26321836935	2.95531	0.0763064959
AC	2.2644809208	0.0607774628	0.0438287394
BC	0.1491776662	2.9807254165	0.1601952099
BC	0.2856543213	4.1217264309	0.3225303055
AC	0.65941221995	0.0544189563	0.0222702877
BC	0.12964516855	0.9487275372	0.1135772264
AC	0.64116576745	0.0204654235	0.0083775751
BC	0.42514483714999995	5.5100854233	0.76383
AC	1.60498363205	0.273618946	0.2134
BC	0.068437546	0.740632	0.0797329145
BC	0.09627338625000001	2.30417	0.0366964903
AC	0.49184697445	0.0889352297	0.0970873
BC	0.14774792385000002	0.5675530411	0.0898287
AC	0.48932395245	0.046251552	0.0182691716
BC	0.045313911949999994	2.8196765251	0.0979096
BC	0.021398107700000002	0.7224126562	0.0248036
BC	0.1063739374	0.8214178947	0.0277973806
AC	1.2697541022	0.0857207129	0.0705251
BC	0.2109042291	1.3856851205	0.0502275941
BC	0.0348134889	0.7169145708	0.0502192
AC	0.8019340766	0.0097035539	0.0088147315
AC	0.4112871	0.0428725047	0.0275384
AC	0.0593920016	4.361e-06	2.1854e-06
AB	1.2954860818499998	0.1827112115	0.022331106
AC	0.16662583505	0.0118417651	0.0025834981
BC	0.09370053105	0.676387508	0.16746
AB	1.6126764205000002	0.21863482639999998	0.0410150058
BC	0.07451331215	2.1333184035	0.133559107
AC	0.6152149841	0.1149746078	0.02061547
AB	0.7143799778	0.0708864	0.0212870727
BC	0.16112945689999997	1.4070280879	0.116734
BC	0.05669418255	0.339764	0.0168042
BC	0.0118308431	0.691909	0.0140499
AB	0.5938481910500001	0.1470493417	0.0504473664
AC	0.63275996	0.0386814142	0.0362429
AC	0.15875627955000002	2.9745e-06	0.00219317
BC	0.40353493474999996	5.2956630034	0.419502
AB	1.9614824753	0.0726282349	0.0284932
BC	0.19307813875	1.02705	0.0738561
BC	0.11211381495	1.50685	0.1364499078
BC	0.12803069095	3.28599	0.0136000778
BC	0.033580651850000004	2.23408	0.0021266772
AB	1.9949894095	0.1143185141	0.0874995937
BC	0.77157940135	4.02045	0.0282206107
BC	0.03308648935	0.75595	0.10992
AB	1.15630199715	0.3818934336	0.1081004061
BC	0.41983867185	1.6356395585	0.229176
BC	0.02705687625	2.7328292127	0.106436
BC	0.0591683237	0.940799	0.110964
AC	0.7512895320499999	0.0928577892	0.062256455
BC	0.33977746755000005	1.31289	0.114077
BC	0.817488715	10.1823	0.6220491096
AC	1.28241045425	0.1379799137	0.0965457
AC	0.48287370205	0.0551101464	0.0186701097
BC	0.16997067405	2.8870232101	0.111517652
BC	0.00485664745	0.201918	0.0148363
AB	0.15909593205	0.07725354	0.0230340644
AC	0.50603849325	0.0544520687	0.0134688502
AC	1.34839229335	0.1444449672	0.138478
AC	0.8335383874000001	0.0470554776	0.0239953868
BC	0.07670352035	0.7095931191	0.0585261
BC	0.20868208595	2.6955006359	0.1872263582
AC	1.01455274945	0.0863571	0.0256078859
BC	0.14196049845	6.19814	0.649806
BC	0.04167128615	0.880656	0.0150507408
AB	1.2376668921	0.9560131309	0.16972108
BC	0.15279253235	1.2804366211	0.016782346
AC	0.34046439865	0.0180257	0.0204167304
BC	0.0387257308	0.691836	0.0560790621
AC	2.02245893045	0.0388876261	0.017037225
AC	0.8362398722500001	0.0930419	0.0353134814
AB	0.91342128005	0.054882017000000005	0.0316702
BC	0.2151186654	1.55358	0.285611
BC	0.026485404650000002	0.4384788075	0.0275807354
AB	0.10201607575	0.1545810816	0.0325213
BC	0.099367974	0.4764208021	0.0503887472
AC	0.9685289642	0.0471556592	0.0248146722
BC	0.24200060015000002	2.6820753256	0.171685813
BC	0.2180452848	0.8343467784	0.1750647757
AC	0.3585410371	0.0098789303	0.0160048
AB	0.88438020375	0.049628181699999996	0.0256973548
BC	0.2640802036	2.5593734294	0.0274753
AB	0.1687461328	0.2112211524	0.0139011171
AB	0.8224577626	0.09050175179999999	0.0622704503
AC	1.4603297532000001	0.2602287782	0.0471601259
AC	0.56253029955	0.0886352456	0.0541787728
BC	0.0936140215	1.6137348314	0.0924366
AB	7.14344183425	0.4567817117	0.2834042489
BC	0.04330116405	1.54868	0.1051927484
BC	0.16342500805000001	2.3771119118	0.1803711895
AC	0.40682460000000004	0.021201033	0.0090253215
AC	0.52538964005	0.026970116	0.0090527123
BC	0.09838801625	1.2890305535	0.0420841367
BC	0.1070167631	4.04152	0.1474293228
BC	0.16587088065	3.15391	0.2348177048
AC	0.71536894165	0.0498377166	0.075245
BC	0.09440245235	5.70119	0.184598
AC	0.9274302173	0.0560616065	0.014212856
BC	0.12408055600000001	1.2467584474	0.043364071
AC	2.91401488295	0.1910026657	0.1032608697
BC	0.15106142525	1.8425096918	0.352112
BC	0.16349974625	1.4496185306	0.2519892906
AB	0.37931742059999995	0.1330300747	0.0366793875
AC	0.75175721845	0.0401272303	0.161673
BC	0.28284448035	1.37441	0.267219
BC	0.2089855872	1.28641	0.139677
AC	1.7511095775	0.0710407921	0.0693005733
AC	2.3693600766	0.225541	0.0932096639
BC	0.29527070965	4.3469992772	0.333929
AC	0.7717561427999999	0.028626175	0.0619695
AC	0.41480954675	0.0351464871	0.0099407925
AC	1.8209835508499999	0.096244259	0.0939112
AC	0.1718935262	0.0022231577	0.0030816328
BC	0.2311234625	0.9143566385	0.307108
BC	0.0290190601	1.1689	0.0050614627
BC	0.0202609801	0.6530476687	0.0148902868
BC	0.10278272675	0.5686071446	0.0343939091
BC	0.13911954805	0.7058486769	0.0558453
BC	0.1768425092	2.7063067868	0.103615
AB	4.11697502125	0.8788463321	0.1846808463
BC	0.157454262	0.3777958802	0.0345032779
AC	0.9854816749499999	0.0964836	2.173e-06
BC	0.06909	0.274585	0.0549053
AC	1.8104205992	0.1456614397	0.0641697519
BC	0.16565785755	1.79442	0.0847748
AC	1.51792230105	0.1166692781	0.247358
BC	0.24380073295	2.3825448445	0.0831786989
BC	0.19462858389999999	2.7765709573	0.211294
BC	0.20706216849999998	3.85319	0.3218449482
AC	0.30035456075	0.0844940778	0.0715539
AB	0.32131275000000004	0.17583380029999998	0.0379839632
BC	0.0520840821	0.1796494098	0.0616148
BC	0.07031469845	1.473671498	0.216786
AC	0.8009756636	0.123767339	0.0737611
AB	1.2258185278	0.338153151	0.161042
AC	1.390874572	0.0532084041	0.023484588
BC	0.42396443359999997	1.2751658497	0.3307575154
AC	3.1685562973	0.0897641952	0.042161996
BC	0.04624437395	0.510665	2.7616e-06
AC	0.22537497125	2.5307e-06	0.0069765529
BC	0.07910465845	2.1376	0.0255310933
BC	0.08076542425	5.04156	0.0045206928
BC	0.09475910000000001	2.99149	0.0431807448
AB	1.1935445706999999	0.3531282074	0.042521065
AB	0.5916380183500001	0.0744840291	0.0374621799
BC	0.0514449349	1.4982718081	0.074505
BC	0.16165918015	3.155869758	0.1263279724
AC	2.15999788375	0.1766090525	0.0556237229
BC	0.18523553585000002	1.41149	0.120154
AC	1.75759141485	2.2014e-06	0.141987
BC	0.03073056995	1.34512	0.0375581
BC	0.03887154565	1.4064	0.156111
AB	0.88089837025	0.0679009333	0.0080388934
BC	0.1365381317	3.2383743688	0.271329855
BC	0.1641826776	1.0502887482	0.1760599135
BC	0.40691496660000004	4.1609357589	0.2450236546
AC	5.8336502141499995	0.4011620752	0.2627940135
BC	0.08693520675	1.17088	0.0084887309
AC	0.6852620351	0.1229535461	0.00723613
AC	0.7680635650500001	0.0046863532	0.0300989
AC	1.2532755384499998	0.0883709213	0.033462265
BC	0.19717950615000002	0.8002212971	0.0649879956
AB	0.22314772615	0.1066590065	0.035047076
BC	0.09564736675	1.5001913549	0.0993025014
BC	0.43259523250000004	5.6367011281	0.2374144484
AC	0.8463117865500001	0.0651189337	0.264465
BC	0.5526163612	3.05345858	0.2194761907
BC	0.04936902195	1.63271	0.0212656124
BC	0.08443289635000001	1.6674500113	0.2040202132
BC	0.0	0.164234	0.010614
BC	0.06887428305	2.3700985458	0.0067722391
AC	0.7576492934000001	0.0925597951	2.7658e-06
AC	1.0778158257500001	0.1316546815	0.0761529
AC	1.899253839	0.1590960864	0.0669876588
AB	5.02714066135	5.8664e-06	0.0133884
AC	1.87853384605	0.2644010264	0.1042544053
BC	0.16528293899999996	0.405787	0.0197382668
AC	0.7880341442000001	0.0419282237	0.0184254689
BC	0.03055784315	0.345043	0.0189055
BC	0.2918372453	3.854614389	0.364136
BC	0.12705484085	1.89627	0.0553173
BC	0.0201129092	0.6513547114	2.2238e-06
AC	0.6458850500000001	0.0134585305	0.0136760471
BC	0.03409866925	1.1802041215	2.1776e-06
BC	0.22139180455000002	3.042062107	0.2448851398
AB	0.5509929699	0.0444630857	0.0062151085
AC	1.071217903	0.1357545319	0.0409535593
AC	0.94371243175	0.0775532952	0.0426613083
BC	0.06701717845	0.6307992603	0.0535514181
BC	0.19097542755	1.8205005147	0.1609049847
AC	0.43136697735	0.0710143999	0.0175916972
AC	2.61367205815	0.1071714261	0.0413523211
AC	0.33981018700000004	0.1350967622	0.150212
AC	0.0958783573	2.9268e-06	0.0035165
AC	0.9072269891	0.0334924476	0.0759291
AC	1.20369857015	0.0805314861	0.0373935633
BC	0.0709390899	1.1659088119	0.0370511056
AC	1.82616741575	0.1080004017	0.0176439627
BC	0.30397460309999996	2.6345059559	0.189216247
BC	0.16799447835	0.9045177717	0.0773500619
BC	0.0676760227	3.6260587574	0.2709389497
AC	0.68036661325	0.0149729759	0.005147167
AC	1.0030971198	0.0252927883	0.0568271
AC	0.31484895	0.0139576527	0.0106418257
BC	0.0159452182	0.9627201733	0.0160278996
BC	0.0884467416	1.2419454305	0.0599698705
BC	0.18934289135	0.8299090107	0.0564770916
AC	0.48057690059999997	0.0653597278	0.13959
BC	0.0146975066	0.2609001084	0.0071257008
AC	0.64697915	0.0048869707	0.0079381
BC	0.55839035045	7.2566180659	0.3058020628
BC	0.0296682157	8.1873226919	0.316593
BC	0.0	1.17966	0.00306869
BC	0.2173372924	1.6862532224	0.257494
BC	0.09371795159999999	0.8426	0.0411938006
BC	0.23115456024999997	1.4985879533	0.152848
BC	0.2059888787	1.286166232	0.097539891
BC	0.5685558042000001	2.2789745899	0.1023443372
BC	0.02370470385	0.4666717431	0.0164068
AC	0.9247179524	0.0688639259	0.0543294
AC	0.6256070373	0.2054122931	0.0763096255
AC	1.4099718004	0.1199651797	0.0752942
BC	0.16522859275000001	2.6657906591	2.2734e-06
BC	0.2669351778	1.4257977967	0.1460130453
AC	0.4087761558	0.0120002133	0.0121634198
BC	0.14420534995	2.6421024547	0.0896017599
BC	0.13726042025000001	0.8321653374	0.0627556122
AC	3.76951105705	0.1390786439	0.0167521353
BC	0.10539249319999999	1.1017739043	0.0286957757
AC	0.75733957695	0.0088581811	0.0127312839
AC	0.7441072994000001	0.0612735417	0.0189491954
BC	0.8320715943	5.2062327476	0.575773
AC	0.46129105130000003	0.0383894319	0.0669621
BC	0.01528111285	0.549988	0.0059147838
BC	0.17135290365	1.0736837259	0.0315384228
AC	1.0913947009	0.1445908796	0.210238
BC	0.2203899417	2.1259229758	0.440806
BC	0.18876779644999997	4.9206419909	0.1084101264
BC	0.11279414235	3.0550762032	0.0745894668
BC	0.0637160653	3.3133	0.0067879282
AC	3.4773377605499998	0.1661649542	0.049002294
BC	0.09080003075	2.75537	0.0577195144
BC	3.70902721225	6.37458	1.3419466189
AC	1.33483356525	0.648342	0.1420715471
AB	1.5784245	0.4398691979	0.0642262332
AC	2.057207782	0.0920234397	2.7311e-06
AC	0.1339325419	0.00373611	0.00767327
AC	2.2494666574	0.0486666911	0.0170252306
BC	0.10738395535	0.6129343878	0.1580342856
AC	1.77446317005	0.0993568826	0.0633863678
BC	0.04963031125	1.0813215107	0.0250795548
AB	2.18291175245	0.5013706842	0.143012583
AB	0.4873820747	0.1211595782	0.0535417
AC	1.29380811975	0.0970061948	0.0811414157
BC	0.22717858385	3.57444	0.540212
BC	0.13517806545	1.2404310613	0.1482226054
AB	5.19255398215	0.2746326898	0.0245312
BC	0.1126434124	1.29573	0.0448415997
AC	0.733307593	0.377712	0.0178074358
BC	0.035661368400000004	0.9059644751	0.0602036
BC	0.1025015752	1.6833112361	0.0293016957
AC	1.04540428975	0.0565543982	0.0348205
BC	0.0565213964	4.6145147424	0.331206
AC	0.2104928515	0.0394113397	0.0109039171
BC	0.0736940824	3.0319781058	0.0165527646
AC	0.5642933970999999	0.037423683	0.0128988945
BC	0.0395239045	0.0843888	0.0026270378
AC	2.0704386255	0.0770596	0.0439333709
BC	0.3438130119	4.69207	0.750878
AC	5.003351145	0.2231654895	0.1028402217
AC	1.0947425171499998	0.0652151143	0.116876
BC	0.1284557168	1.4996	0.0546135175
BC	0.29781683800000003	2.9673765187	0.1827933319
BC	0.00227743	0.117036	0.000762452
AC	5.45084428685	0.5752629096	0.0773841031
BC	0.2536272172	1.61118	0.0405375421
BC	0.05861459420000001	0.681924	0.0371071
AC	1.1427629237	0.064527848	0.0801807
AC	0.9876614415	0.1220958935	0.007334865
AC	0.3219774237	0.0652384857	0.0501129
AC	1.09754268935	0.0488964339	0.0434918
BC	0.1215346433	4.46221	0.0264501166
BC	0.08148543715	0.668734	0.0204598
AC	0.51125370355	0.0250545997	0.176031
BC	0.7606453143499999	4.5691904083	0.85488
AC	0.36320464435	5.5258e-06	0.0114816994
AC	2.66144716935	0.2567085996	0.0757133389
BC	0.35610680959999996	3.4536090415	0.1165494265
AC	1.07351870375	0.0133324748	0.011107501
AC	0.47252654065	0.0549867485	0.0071002634
BC	0.18784156945	1.4805463424	0.0012635848
BC	0.42555614045	6.8916019464	0.348102
AB	0.23789272775	0.1194128391	0.0509425006
BC	0.048762036849999996	9.02422	0.1488074788
AB	0.7238601853	0.0402961601	0.0087325276
AC	0.7015732860999999	0.1379194762	0.0768156214
BC	0.03070576905	1.37311	0.030872
AC	1.7134005	0.358374944	0.0787734722
BC	0.17724192714999998	2.1066537521	0.234835
BC	0.39689673709999995	1.978631762	0.703766
BC	0.12357756975	0.9813452991	0.0466964066
AC	1.2745932394000001	0.1047396088	0.056811416
AC	2.21039929585	0.1903953575	0.039821977
AB	0.27856225	0.0062851055	0.0058368793
AC	0.21736918260000002	2.4789e-06	2.4789e-06
BC	0.02262055295	0.57118	0.0666585348
BC	0.062821916	0.8206771985	0.134402
BC	0.08276403930000001	0.5001708679	0.0345611822
BC	0.04279483505	0.8607304979	0.0598263
AC	1.873750964	0.1294047941	0.0552138098
BC	0.1619598558	3.0619017661	0.1252942129
AC	1.78463732385	0.0716118702	0.141501
BC	0.14984121055	3.7506275525	0.0699902218
BC	0.061593762249999996	1.0266082093	0.0061544951
BC	0.1028543012	2.2700230363	0.1047142346
BC	0.1724058096	3.5431297466	0.2723168505
BC	0.06846277715	3.01518	0.150103
BC	0.055097952500000005	1.3535244624	0.0579744
AC	0.5199806208	0.1603237631	0.127508
AC	3.91323128795	0.1972403081	0.328348
BC	0.042736817100000005	0.5224162578	0.0338229132
AB	1.5142312912	0.4470340954	0.0494389537
AB	0.7250301143	0.0744840232	0.0341107
AC	1.4366209577	0.0438854421	0.0596801341
AC	0.4664858277	0.088495456	0.0253441042
AC	0.6520678861	0.0253283227	2.5126e-06
AC	1.3500439631999999	0.0282055288	0.0330423
AC	0.5907782728500001	0.11292814	0.230638
BC	0.01827912645	1.5788280135	0.0098092023
BC	0.07408419375	0.6511460082	0.0207043777
BC	0.01179490245	1.10708	0.051122038
AC	0.24266843219999998	6.2505e-06	0.0499697
BC	0.15186921590000002	1.8103457805	0.1004275496
AC	0.69629779235	0.0806517391	0.118186
AC	2.6075886535999997	0.0904925417	0.0377047607
BC	0.0354637706	1.37772	0.1231443884
AC	0.4686311213	0.1051197418	0.020872869
AC	0.61161519605	0.0568311	0.0167249753
AB	0.6955979266	0.08523752279999999	0.0114613047
AC	2.3168901951	0.1796829211	0.167651
AB	2.619078	0.6090131236999999	0.1275354458
AB	0.16544938999999997	2.2299e-06	2.2299e-06
BC	0.0899482891	1.1642577447	0.0610542272
BC	0.08320726654999999	2.7216699494	2.325e-06
AC	3.4736639984499997	0.0555820231	0.058179
AC	0.6415484197	0.0280998108	0.0213528
BC	0.057157748950000004	0.3641298844	0.21065
BC	0.11165036254999999	2.7583755605	0.287313
BC	0.50694755935	2.8887923983	0.387040639
AC	1.2210500260000001	0.3516931694	0.0659218837
BC	0.0771489837	0.7120235164	0.031366
BC	0.05514115435	0.281617	0.0232521
AC	5.57887520175	0.2538873839	0.0848046398
BC	0.05139794785	1.7031549817	0.0390624
AB	1.5120788667999998	0.3566260705	0.2107591354
BC	0.2545239461	3.7194	0.0431445227
AB	1.18676437105	0.1496501304	0.0557455656
BC	0.171462475	1.2185429566	0.0922072817
BC	0.35364140975	8.75352	0.3494229851
AB	1.1011197920000002	0.1623479661	0.034876722
BC	0.0	0.049405	2.3305e-06
BC	0.15079611935	4.0537689322	0.3761371903
BC	0.013928602000000002	0.6427056156	0.00843478
AC	1.67802778025	0.158277526	0.188046
BC	0.12684666495000002	0.065516787	2.2333e-06
AC	1.4112870623	0.0464463875	0.0279771359
BC	0.5061169746	3.22963	0.0550502423
AC	0.1724812086	0.0057792155	0.0185827101
BC	0.24570374145	1.7315378166	0.1242648397
BC	0.3349955929	1.4728544931	0.1947628871
BC	0.03600915645	3.22715	0.0767354
AB	0.4018877	0.1259126252	0.0234324406
AB	0.0826484562	0.0028161059	0.0039663607
AC	0.7873898979	0.114461448	0.0590081017
BC	0.07995609919999999	0.4475098819	0.0386528955
AB	0.6323178040499999	0.5009103657	0.0577164835
AC	1.1479568117499999	0.0763239757	0.0403561
AB	0.8566758131500001	0.1675958399	0.0546806147
BC	0.061901442949999996	1.6735483897	0.0640705483
BC	0.21304174155000002	2.6229926151	0.0678157459
BC	0.28186968020000003	2.1710849149	0.2239629058
AC	0.8517943628	0.0300142799	0.0217131893
BC	0.055918486950000006	0.7009907641	0.0121291724
BC	0.0442923774	1.81994	0.0814272
AB	0.5627332471000001	0.0814672475	0.0382139414
BC	0.21319718575000002	1.157453461	0.289813
BC	0.6851075995	7.24457	0.3214783822
AC	1.5687707366	0.22611649	0.0799922
BC	0.12977984845	3.0659823347	2.7335e-06
BC	0.12354860085000001	1.249716645	0.1112976178
BC	0.22555836365000004	2.6871890649	0.1635560408
BC	0.0632882466	1.96234	0.0380829
BC	0.01817179605	0.7778352426	0.036735
BC	0.520208805	5.28229	0.1459561689
AC	0.27277812505	0.2468469131	0.1320398462
AC	0.15978321120000002	2.0703e-06	0.0121624
BC	0.24917930255	2.558	0.0511885938
AC	0.93314119835	0.0430940717	0.0138465362
BC	0.03607006585	0.7737286254	0.0338328
AB	4.76501438	0.7123017339	0.1260981888
AB	0.55826745	0.0965383974	0.0168954727
BC	0.3164437607	1.8044958054	0.1846759494
AC	0.8698003377	0.0322723718	0.0164392227
BC	0.2698938668	4.05224	0.1179918922
AC	1.4205894488	0.0731086694	0.0482798687
AC	0.65815254905	0.279329	0.0627034
BC	0.260326111	3.7907952556	0.1786477155
BC	0.0178219892	0.4148627429	0.0274133
AC	0.8848432761	0.0755870935	0.0828358138
AC	1.30925483785	0.0678423075	0.0216408287
BC	0.04403188305	0.577565	0.006658375
BC	0.16628054225	0.858965	0.1045594558
BC	0.11552841490000001	0.9004087112	0.1259505811
BC	0.21584946875	1.6477882535	0.1399544361
AB	0.7554532500000001	0.1897310587	0.0095678196
AC	1.1155908893500002	0.0406270799	2.0493e-06
AC	1.6269806209000002	0.150987	0.0731140614
AC	1.5042065351	0.1596493889	0.0276743545
BC	0.4120271251	2.2969196093	0.0803053078
