Topology	Distance	A_length	Out	Internal	Internal_ABCO
AB	0.14405584365	0.19143132149999997	0.158886	0.0633866342	0.8660316275000001
AB	0.1223915304	0.1543821969	0.160055	0.0241661361	1.9416781195000001
AB	0.1088583165	0.1111199384	0.131777	0.0308953054	1.58414159715
AB	0.09143177525	0.11742772609999999	0.142362	0.0223449756	2.6149893657
AB	0.1418309632	0.1909448987	0.180428	0.0540009723	1.1090515495
AB	0.13006892845	0.1366952208	0.184627	0.0263323639	1.4796047411500002
AB	0.13773502329999998	0.18651565450000002	0.218402	0.0408356079	5.4426825263500005
AB	0.12373367304999999	0.13045360509999998	0.121468	0.026709259	2.61002076805
AB	0.11617883305	0.1608814572	0.203865	0.0708987911	0.67951201785
AB	0.13674697185	0.1711871825	0.204891	0.0602762388	1.08949736005
AB	0.08824830040000001	0.1243842737	0.136718	0.0286196729	0.6491183605999999
AB	0.1121201563	0.2013630126	0.225652	0.0821197	4.313113851700001
AB	0.1121086403	0.1740848806	0.176306	0.0773066	2.3561161463499998
AB	0.08437526595	0.0961663047	0.111969	0.0173745728	0.2555340824
AB	0.11646226705000001	0.136446393	0.220567	0.0319418589	0.5152307367
AB	0.0969948033	0.1154336348	0.15305	0.0256580282	1.1320231886
AB	0.22634381860000002	0.197247104	0.309508	0.0392904668	3.5551056687999996
AB	0.1007826581	0.13324873410000002	0.135766	0.0167775179	0.50281908305
AB	0.1647081433	0.2013315866	0.100129	0.0977153	0.9252552822
AB	0.1170489052	0.26108091040000003	0.124191	0.122331	0.3560886224
BC	0.128161	11.1244	11.1244	0.14394	1.4820915374
AB	0.12207170805	0.1611361349	0.17628	0.0557057188	0.93339531895
AB	0.16801314145000001	0.22966562080000003	0.22704	0.0547633379	1.5613876043500001
AB	0.2664384632	0.2024072462	0.134214	0.0600523198	1.1820247564500002
AB	0.13404677595	0.1853195534	0.200563	0.0320930015	1.674601417
AB	0.1571093219	0.2189988986	0.201688	0.0923082548	0.7476531320500001
AB	0.15245267985	0.1549916597	0.207642	0.0517833	0.97892300525
AB	0.10215549035	0.1335426019	0.133449	0.0393736212	0.7590892927999999
AB	0.10462338239999999	0.1513527408	0.146055	0.037455676	3.29432246355
AB	0.10343977374999999	0.1251317753	0.152371	0.0309412278	0.5020999047
AB	0.0926623485	0.10435668120000001	0.185846	0.0178678842	0.38987350555
AB	0.1030555231	0.1123825472	0.16629	0.024270501	1.8510063731500002
AC	0.20118	0.1729919608	0.353562	0.0280139608	0.7732123225
AB	0.1210910208	0.1567476686	0.163805	0.036048627	2.3893505568499998
AB	0.12606472275	0.14679176830000001	0.19017	0.0309783228	1.5170008418
AB	0.1315453012	0.14175184559999998	0.173827	0.0342602432	1.064657711
AB	0.08101842765	0.1055672437	0.119746	0.0181287884	0.62941263895
AB	0.1186973391	0.1564364516	0.190275	0.0378777734	1.2960040603
AB	0.12103867715	0.132638423	0.157916	0.0300670687	3.3249202723
AB	0.1483177707	0.1827021177	0.173264	0.0251265763	0.9570515317999999
AB	0.09147891475	0.1257620857	0.141863	0.0280756562	1.9146892841
AB	0.1044013869	0.1559060821	0.148556	0.0511003083	2.09177518095
AB	0.19751570925	0.2160558944	0.262487	0.0356574759	2.5739070054499997
AB	0.22181021965	0.27111149419999997	0.237736	0.0487780549	1.1863191872999999
AB	0.36367965664999996	0.2617593299	0.229523	0.0795320166	1.17631366275
AB	0.09950422475000001	0.1247594541	0.168742	0.0338690046	4.8562162378
AB	0.20745013945000002	0.2799092271	0.226983	0.0879549482	1.96169913575
AB	0.10147658965	0.18104317930000002	0.0905193	0.0753062	1.37976054425
AB	0.2112479176	0.2547385456	0.256529	0.0532247104	2.2687194595999998
AB	0.09578848865	0.11251238329999999	0.153958	0.027737406	1.6731609616499998
AB	0.07423705075	0.11706953850000001	0.085837	0.040715937	0.4980531092
AB	0.1589447165	0.1531685478	0.173313	0.0188121148	1.281133451
AB	0.28140898625	0.0965096589	0.130224	0.0332186864	0.8193862869999999
AB	0.13591171225	0.177689955	0.176673	0.0169235305	0.35189960485
AC	0.11257441885	0.1637617377	0.14971	0.0412839	3.3445113086
AB	0.1170622747	0.1168558288	0.142059	0.0269392794	1.0426394934499998
AB	0.1437991114	0.17009867	0.181016	0.0360464472	2.5580376708
AB	0.07662476235	0.09875797010000001	0.111044	0.0231310454	0.75256372025
AB	0.20810134190000001	0.2396168863	0.345269	0.0612492025	1.01772366415
AB	0.1189376719	0.1434146094	0.16922	0.0258312656	0.72976773335
AB	0.12788032259999998	0.1789485114	0.222171	0.0594168662	1.7374497955
AB	0.10763661775	0.1300523301	0.177823	0.0410800946	1.7076168713
AB	0.16119902754999998	0.2237767551	0.263283	0.0518447	3.53654771185
AC	0.11064865625	0.2293433125	0.0738567	0.148544	0.21500684344999998
AB	0.10548947875	0.1438667823	0.159258	0.0394268248	1.2271228403
AB	0.12078961295	0.1505278027	0.145521	0.0409945768	2.23369255865
AB	0.2150618105	0.1289307149	0.133165	0.0409160939	0.73557873955
AB	0.08611156865	0.09906667100000001	0.171348	0.0224305337	0.52383613565
AB	0.15794593955	0.1988957948	0.147625	0.0290319157	1.3113030567500001
AB	0.1762576851	0.2283625303	0.211519	0.0670781601	2.5129600222
AB	0.09104215545	0.116454803	0.13558	0.0411974921	0.5409155191999999
AB	0.1405158318	0.2014682032	0.203343	0.0723045396	1.7229517829
AB	0.1441201051	0.1508457171	0.202122	0.0232735069	5.15600880425
AB	0.12453474845	0.1334888927	0.174431	0.0321973958	3.6152896787000004
AB	0.1310936761	0.16405963	0.172529	0.0553312778	1.07561914895
AB	0.14435175620000001	0.2074636017	0.210793	0.0565150893	1.73257647045
AB	0.12941479765	0.1325254035	0.186354	0.0291628082	2.1001089176
AC	0.31122097425	0.5181392484999999	0.207226	0.0417653	2.1033401889500003
AB	0.11188286865	0.1810252018	0.150198	0.0834504645	0.94207855575
AB	0.0718646104	0.08122124680000001	0.132714	0.018039326	0.93138097845
AB	0.11757649885	0.1390191702	0.143147	0.0365051725	5.0807517273
AB	0.129374779	0.1724998802	0.182209	0.0528563222	1.1337703987999999
AB	0.1118142121	0.13580800939999998	0.163449	0.0339325852	1.5575356232000002
AB	0.0936688074	0.1246071591	0.165094	0.0401205443	0.5901861403499999
AB	0.0783935905	0.08738612800000001	0.0936979	0.031262947	0.4940761649
AB	0.23201511975	0.1698556015	0.145378	0.059779362	3.4967786646
AB	0.15209159805	0.1642928765	0.264178	0.0382886804	1.2024988409000001
AB	0.11307620035	0.12265828649999999	0.190039	0.0293418858	2.3538728822499997
AB	0.1075012504	0.12671603650000002	0.160094	0.0348055357	1.35387978805
AB	0.1285456552	0.162462313	0.178378	0.0535850026	1.05468053925
AB	0.11702704295	0.1625365192	0.151957	0.0382274333	1.2762722383
AB	0.16271400000000003	0.15215416110000002	0.18848	0.0186231611	1.1633811027
AB	0.1943184714	0.261420529	0.183386	0.0326645862	1.80228852165
AB	0.11939026935	0.172360405	0.134581	0.0551548663	1.9465225586
AB	0.15401786825	0.17790906699999998	0.197981	0.0387533305	1.038157095
AB	0.1408993409	0.16856198179999998	0.217973	0.0505463	2.34851310185
AB	0.15353065405	0.1509533372	0.183022	0.0323160291	0.71099965385
AB	0.1257223032	0.1501133723	0.128687	0.0415857659	3.1286577291000004
AB	0.1313587809	0.1543375514	0.190725	0.0342189896	1.9556024696
AB	0.18609899670000002	0.233055914	0.1712	0.0455389206	3.1710931512999996
AB	0.09606173435000001	0.1427334419	0.125026	0.0591839732	0.6193089816
AB	0.178543539	0.2246346462	0.209941	0.0740825682	0.6154278066
AB	0.158829739	0.2219002252	0.225466	0.0638797472	2.2742967975
AB	0.15120409305	0.1740174923	0.184322	0.0524863062	2.3729459681
AB	0.1274383179	0.1466830538	0.13112	0.057412418	1.0870274344
AB	0.0771786276	0.1069348767	0.119239	0.0341860215	1.45109437325
AB	0.17043998659999998	0.1875120029	0.202287	0.0574890297	1.08084072225
AB	0.0911875936	0.1112122757	0.174345	0.0296370885	1.50161125455
AB	0.16748688795	0.1687104928	0.214647	0.0412857169	1.4641750892999998
AB	0.1730999565	0.20258833150000002	0.196486	0.0296094185	0.9003948144999999
AB	0.18086038110000002	0.1931888686	0.16985	0.0437651064	1.94742768595
AB	0.17243475684999998	0.1885637194	0.355405	0.0577022057	1.0835272935
AB	0.11992442005000001	0.1701063384	0.244746	0.0717954983	1.1821192134
AC	0.1801775	0.27110999999999996	0.193541	0.108147	0.8876075984999999
AB	0.11581631754999999	0.13085484390000002	0.145723	0.0427812088	2.0199534366
AB	0.17994704425000002	0.2386817639	0.134351	0.0843926754	0.8320468683
AB	0.15678774410000001	0.2529422882	0.176443	0.0947318	1.864494564
AB	0.1292318582	0.1535976849	0.17059	0.0280229685	1.6733945496
AB	0.12248373355	0.1416076677	0.207428	0.0434222006	1.98629713715
AB	0.1516019918	0.1362832639	0.156624	0.0237532803	0.57976957855
AB	0.14948875125	0.2154981192	0.403768	0.0860336167	1.1105176163000001
AB	0.1498599263	0.1549131856	0.12968	0.036409333	1.82796554295
AB	0.10485793034999999	0.1410465798	0.145268	0.0347367191	1.1664377703
AB	0.08170444635	0.1042549302	0.122172	0.0304422375	1.1847701586
AC	0.09923560000000001	0.1460121	0.125011	0.0259661	0.5415168195
AB	0.07905619675	0.0898045847	0.222363	0.0201949912	0.72440987965
AB	0.0839971944	0.0982163764	0.140377	0.0283079876	1.3639222893
AB	0.10349927305	0.1361018164	0.131345	0.0435432703	0.88270343075
AB	0.15559661354999998	0.2368674404	0.143831	0.0798732133	1.39702564845
AB	0.07743060909999999	0.088630574	0.0985611	0.0152690558	0.94263795095
AB	0.1130738605	0.1548340067	0.173977	0.0536732857	0.9002331299499999
AB	0.1428625282	0.16568529440000002	0.191513	0.031684238	0.60089883355
AB	0.12526450955	0.1616836913	0.151411	0.0371286722	0.90120775025
AB	0.11672238215	0.1762563224	0.15403	0.0554665581	4.0882913498999995
AB	0.1487983946	0.18411294490000002	0.154176	0.0370561557	3.16259401785
AB	0.1022422258	0.14333282320000001	0.141598	0.0332504716	0.8895454447
AB	0.1300106093	0.17821941759999999	0.223592	0.068343199	0.7417063965
AB	0.13836202965	0.18279729439999998	0.165829	0.0711582351	2.0858434254
AB	0.05531772635	0.0644028249	0.0996392	0.0155804722	0.35186670845
AB	0.10611948395000001	0.1306928181	0.141618	0.0512238502	1.25603132025
AB	0.18366175704999999	0.33829483180000003	0.158655	0.1239363177	2.1370888597
AB	0.2257211743	0.31799403070000004	0.187748	0.0251576821	1.1031207767
AB	0.10426669235	0.11630064570000001	0.124646	0.021391261	1.53569229715
AB	0.15983576995	0.1606190977	0.176573	0.0380075578	0.9929899278500001
AB	0.11340934614999999	0.1469417793	0.12699	0.056295087	2.4334958662000004
AB	0.1308326673	0.1703537353	0.165925	0.0373044007	1.2828407842
AB	0.13009798255	0.1614511108	0.120783	0.0247201457	0.5155491071
AB	0.17017133275	0.1645975067	0.130798	0.0761618412	0.7464882398499999
AB	0.1380812233	0.185728336	0.14749	0.0452698894	1.66858775895
AB	0.1202654786	0.1534867734	0.142525	0.0180608162	0.69265787115
AB	0.09694207415	0.1298533136	0.156009	0.0277996653	1.1270028752
AB	0.2330435851	0.16690299790000002	0.142639	0.0449378277	0.5608595357
AB	0.1444012267	0.20413393140000002	0.142338	0.044728478	3.9948141871
AB	0.142660404	0.1593033782	0.186546	0.0393245702	2.0181541893
AB	0.12694974325	0.1817263193	0.167173	0.0644858328	1.3916763733
AB	0.1610340897	0.19750598260000002	0.239261	0.0290568032	1.6802876757
AB	0.12158075425	0.1216105892	0.174425	0.0310380807	1.4679195944499999
AB	0.11510354440000001	0.14984245810000002	0.128694	0.0399123693	1.7337034823
AB	0.12063947859999999	0.147523197	0.136855	0.0445342398	2.2360122732
AB	0.1046356565	0.1150448902	0.132025	0.0392265772	2.13324807945
AB	0.13960941285	0.17975144440000002	0.183551	0.0414606187	1.2830576482
AB	0.1133332689	0.1071568753	0.131592	0.0315223375	1.0257228569
AB	0.11590782955000001	0.1651508175	0.248364	0.0619771584	1.30637971335
AB	0.1847598438	0.2875066594	0.223997	0.0893509718	1.8947857697500001
AB	0.10180354629999999	0.1288682791	0.150212	0.0413211865	1.0789027218
AB	0.20813587605	0.2067895878	0.175234	0.0406658357	2.34166364705
AB	0.07105364305	0.0758249073	0.0997346	0.0127841212	1.5768994915499999
AB	0.170652643	0.33516466209999995	0.14051	0.1272353761	0.68987191065
AB	0.11748254405	0.15907305189999998	0.123467	0.0439489638	1.00693615755
AB	0.13894817939999998	0.1789327482	0.13813	0.0470933894	2.4292441504
AB	0.1336902992	0.1907621774	0.144568	0.041202579	1.50008273605
AB	0.18244135984999998	0.2713475923	0.178951	0.0698138726	1.77968000045
AC	0.3005575	0.2479683	0.28883	0.0751983	0.7793241523
AB	0.22014192135	0.3079991758	0.189	0.0334683331	1.41368893905
AB	0.09514906195	0.1090187764	0.0758524	0.0171085525	0.7124925993
AB	0.0928028536	0.1136740338	0.135705	0.0354393266	1.4737051188499999
AB	0.12476313055	0.18241206180000002	0.260051	0.0344578007	0.5029337486000001
AB	0.17313336995	0.2604701012	0.159845	0.0760213613	1.14608273615
AB	0.1281700797	0.1646738757	0.337529	0.0485687163	1.00930359405
AB	0.09228265115	0.1152886705	0.122435	0.0199436682	0.46668877270000003
AB	0.13997056735000002	0.1702455572	0.173153	0.0510884225	3.39984092555
AB	0.12239249999999999	0.1252333578	0.169713	0.0181743578	0.5144137806
AB	0.16376101355	0.2149004965	0.202563	0.0390394694	0.93970107635
AB	0.1800651123	0.19438701590000002	0.240719	0.0564627913	1.5729558272000002
AB	0.16964323944999998	0.2625451636	0.215782	0.0973686847	0.9411096224000001
AB	0.15379420589999998	0.20275081409999998	0.191881	0.0451114023	2.9880416375
AB	0.0986394323	0.1288860348	0.179172	0.0191263702	0.46238145805
AB	0.12202809965	0.18870877109999998	0.183511	0.0552045718	0.6377032712999999
AB	0.08680193135	0.133128267	0.105333	0.0497673043	0.7396255286
AB	0.13650762715	0.1465387099	0.240802	0.0331144556	1.0828119245
AB	0.10363763279999999	0.135243377	0.129843	0.0349551114	1.3432044521500002
AB	0.12770104325	0.1807672657	0.168609	0.0643461792	0.785269523
AB	0.131559875	0.1835445166	0.21165	0.0483207666	1.22176410205
AB	0.1019258585	0.1426366555	0.112663	0.0446479385	0.9383193328
AB	0.14058954369999999	0.1878663193	0.143009	0.0453662319	0.7712086019
AB	0.1537715198	0.1737504568	0.181397	0.0354474172	0.8270753823499999
AB	0.091072397	0.1231304044	0.143487	0.0367440104	0.48341612195000006
AB	0.20152013889999998	0.1762911702	0.2488	0.0372128924	0.9527568216
AC	0.4302078796	0.636855	0.361599	0.171659	1.3588003683499998
AB	0.19671415545	0.1986277726	0.168238	0.0362554617	3.05545775415
AB	0.17306859740000002	0.2309941288	0.287724	0.026882934	1.1123701777
AB	0.12440376474999999	0.1542440882	0.147757	0.0345325587	0.9666910846000001
AB	0.13661045785	0.1975267441	0.137611	0.0489238284	1.10997208345
AB	0.29254362985	0.21831343930000002	0.285009	0.0356691796	1.18495602035
AC	0.1581746786	0.18522875390000001	0.193234	0.0367323967	1.24823888795
AB	0.2498896904	0.2169763514	0.262502	0.0486809706	0.9242960219
AB	0.35176859485	0.2330531309	0.230618	0.0832969412	1.5132610992500002
AB	0.15577474070000003	0.1867288699	0.172309	0.0490333885	1.3919328029
AB	0.1706956397	0.27747762730000003	0.245304	0.0835123479	1.2021726893
AB	0.07745685185000001	0.1096019178	0.143881	0.0331777141	2.62370685215
AB	0.13531501945000002	0.14621815780000003	0.181052	0.0196521189	0.5554155538
AB	0.1425772853	0.1963025782	0.173937	0.0542930076	1.42826420925
AB	0.17327794055	0.2613919739	0.23423	0.0765730928	1.8134693961
AB	0.1014894241	0.10400966219999999	0.144025	0.023235814	0.8604633855000001
AB	0.1107334225	0.15210729439999998	0.135386	0.0431654494	0.7738171042499999
AB	0.21189869535	0.2186902666	0.331385	0.0635248759	0.71106841015
AB	0.077066471	0.1011701057	0.128168	0.0157200637	0.4907569746
AB	0.09430309049999999	0.1007310351	0.0966564	0.0281828541	0.6708586507000001
AB	0.1468263368	0.1902330871	0.221814	0.0580334135	1.1044314968
AB	0.1841546042	0.20622220819999998	0.30265	0.0523239998	1.0947315264500002
AB	0.1161968126	0.1457685203	0.157518	0.0298568951	0.9856553376
AB	0.1547844801	0.20845681900000002	0.245106	0.0587658588	0.9303387320000001
AB	0.12382940949999999	0.18176401039999998	0.225889	0.0447451914	0.7532350677499999
AB	0.1207218861	0.14013795340000001	0.205344	0.0534341812	1.09569466
AB	0.12548930095	0.1632303522	0.155804	0.0445317503	1.18888474765
AB	0.133669915	0.1694508238	0.162894	0.0479109938	2.0850594293
BC	0.2666425	7.57052	7.57052	0.743196	0.68265560515
AB	0.14593772895	0.21129053	0.228456	0.0650600721	2.49950202845
AB	0.15113554099999998	0.2118427462	0.176428	0.0815586642	2.2753406048500002
AB	0.18655032815	0.3534996249	0.290227	0.1751379686	0.92922580675
AB	0.0619331045	0.0711799163	0.086838	0.0199234073	0.8592232552
AB	0.10878759535	0.1674824406	0.383246	0.0557362499	1.436423209
AB	0.2099528486	0.2619282248	0.197605	0.0271555276	0.7810198218000001
AB	0.10052583295	0.1049341328	0.149035	0.0307704669	3.2099632215
AB	0.15548928634999998	0.1757526218	0.19763	0.0424680491	1.1084176811
AB	0.1468303074	0.1529429148	0.123806	0.0440313	0.9822509045
AB	0.14198652065	0.12279945249999999	0.152939	0.0472774112	2.4637936267500002
AB	0.18865668455	0.2142315683	0.251976	0.0320121992	2.7134469385499997
AB	0.13136921425	0.1923795285	0.285249	0.0587841	1.3751103229000001
BC	0.180316	2.82847	2.82847	0.491373	0.7430523006
AB	0.08295672335000001	0.11927274670000002	0.114741	0.0382694	2.0707612402
BC	0.209899	0.417269	0.417269	0.10258	1.44831826695
AB	0.21869283485	0.29816503499999997	0.217111	0.0484083653	0.6217291519
AB	0.11520155065	0.1806775397	0.186	0.0488072384	2.3120655233500003
AB	0.13983106265	0.21354522529999997	0.423168	0.0772691	1.42103044295
AB	0.08262090420000001	0.1087394088	0.191859	0.0288769004	1.44782574855
AB	0.15380557555	0.1534220819	0.18652	0.0288329308	1.2633757641499999
AB	0.14915813049999999	0.1957073222	0.172342	0.0611070612	1.18582962155
AB	0.0908013454	0.0932252931	0.164654	0.0301236023	0.90261483135
AB	0.11298066005	0.1568771132	0.159795	0.0352767931	2.22458790435
AC	0.1270403	0.2259027	0.145811	0.0656047	0.4078041879
AB	0.1199832146	0.1744751815	0.144692	0.0398817523	1.6366412744
AB	0.13824187745	0.127492752	0.13832	0.0374479971	2.69039346095
AC	0.2017401375	0.263453175	0.117247	0.0297939	0.54828129265
AB	0.17232936095	0.1911034916	0.54228	0.0546387697	1.0455495525
AB	0.1692173481	0.1642857216	0.171733	0.0433530254	2.3098778348
AB	0.17845913775	0.168624662	0.188372	0.0378053865	2.32081922475
AB	0.23077558965	0.3542185793	0.162349	0.0431154	0.6157702338500001
AB	0.1348929127	0.1687472254	0.192404	0.0428364	0.8369076737
BC	0.134939	1.06026	1.06026	0.242955	0.57648422315
AB	0.1155081686	0.1489610731	0.146954	0.0483907359	1.0295310441
AB	0.07006070275000001	0.0840628118	0.1048	0.0179890063	0.36352506645000005
AB	0.14887410820000002	0.19015538710000002	0.149421	0.0313801707	1.49589167935
AB	0.1127477834	0.1346004307	0.134883	0.0252928639	0.94010791535
AB	0.09754557805	0.1261183587	0.129349	0.0159313026	0.5160152928499999
AB	0.18146981805	0.24162632559999997	0.218909	0.0892246895	3.12413224285
AB	0.0788080291	0.0884332687	0.1539	0.0171383105	1.72647860395
AB	0.09692769125	0.1380966543	0.137733	0.0462432718	0.60848248115
AB	0.111215331	0.1460314366	0.182732	0.0442807746	1.20076615655
AB	0.1098352263	0.136513056	0.139199	0.0195846034	0.6514127485500001
AB	0.1304295251	0.14038257869999998	0.21106	0.0324615285	1.1540611746
AB	0.1406463483	0.1437480398	0.135937	0.0370543432	1.0915395831499999
AB	0.1139882527	0.1471428985	0.139137	0.0274343931	1.11628474885
AB	0.11862772175	0.1122487892	0.134067	0.0312243457	0.82233769925
AB	0.112733917	0.1385819488	0.152351	0.0263091148	1.4569875312999998
AB	0.12427498944999998	0.12305814069999998	0.186098	0.0325221618	1.74162325125
AB	0.11855480835000001	0.1875097872	0.130712	0.0632771705	0.9555819289
AB	0.15325781765000002	0.1951635353	0.207367	0.0523769	1.72478702845
AC	0.18861264114999998	0.15168165679999998	0.0936072	0.0246563745	1.66478420835
AB	0.11712099065	0.1653587461	0.154741	0.0402607648	0.42309129054999994
AB	0.11672391245	0.1302355229	0.151355	0.019917698	1.0779826246
AB	0.13039345349999998	0.1723998939	0.162551	0.0460469869	0.68997822345
AB	0.10074294145	0.1401300418	0.150356	0.0221795589	3.36206399815
AB	0.10682072395	0.12257476739999999	0.172689	0.0209253195	2.4430105846
AB	0.1350660376	0.1776696114	0.194614	0.0336355362	1.24340566695
AB	0.11660224575	0.1782936394	0.175932	0.0546971479	1.07037738005
AC	0.17357907075	0.1882612415	0.223772	0.0294281	1.6994780007
AB	0.12186712394999999	0.1400804379	0.13623	0.02392519	0.61512107175
AB	0.21523118775	0.22184730270000003	0.246605	0.0665969272	1.2656032483000001
AB	0.2344895267	0.2801762534	0.279057	0.0818202	2.3509446764
AB	0.12151648984999999	0.16309826759999999	0.165689	0.0488572879	2.31790623415
AB	0.12937603385000002	0.16366084320000002	0.135024	0.0498887755	5.0710552879
AB	0.14648406775	0.1623983118	0.161949	0.0251051763	2.4626116604000003
AB	0.10803933935	0.1222292505	0.162046	0.0252785718	2.3493935633
AB	0.15177078724999998	0.191717752	0.319565	0.0459761775	0.7612470822999999
AB	0.11099824350000001	0.1532984915	0.156528	0.0608110045	1.16512287125
AB	0.12166936525	0.144210557	0.1478	0.0216598265	0.72860007695
AB	0.10661056785	0.15398036580000002	0.125962	0.0225162301	0.9988271901
AB	0.1004846834	0.1413410201	0.159727	0.0246274533	1.7329507991500002
AB	0.16029386375	0.1876268196	0.166301	0.0472450921	0.823418339
AB	0.0419489043	0.0490575645	0.0588377	0.0116817559	0.6391919096500001
AB	0.0791674909	0.1149145534	0.242418	0.0493330716	1.49994185675
AB	0.10945104955	0.1802854991	0.301266	0.0760144	1.0884002694
AB	0.1865580805	0.23653410870000002	0.175368	0.0548249477	2.7682595665
AB	0.21344284754999998	0.357196825	0.16601	0.1063881299	2.2523882973
AB	0.15980255805	0.15081102629999998	0.200606	0.0315989102	1.15134767225
AB	0.0707964229	0.1010936194	0.119356	0.0190285736	0.32083033495
AB	0.1037080827	0.1309845287	0.166627	0.0326173633	0.7680655089999999
AB	0.10097018485	0.11794216969999999	0.159885	0.0291528	0.83808701075
AC	0.177989	0.314197	0.196602	0.108338	0.57480829515
AB	0.07586072695	0.0943764071	0.0807016	0.0274847532	0.28788300325
AB	0.10040115150000001	0.1292016859	0.187594	0.0270867829	0.74649432235
AB	0.13081482335	0.21982322910000002	0.122316	0.0574864824	2.0825132892
AB	0.11413902475	0.1771187047	0.127548	0.0395317552	0.6662288146500001
BC	0.2363905	4.11106	4.11106	0.201471	1.1639930722
AB	0.2814115915	0.3654559155	0.471496	0.1470907325	0.9203298913
AB	0.15522299355	0.1379078652	0.15956	0.0400528781	1.46102946295
AB	0.18166808265	0.2265628242	0.235221	0.0584436589	1.8846113393000001
AB	0.12420172474999999	0.1598594973	0.181837	0.0296500478	1.26825353055
AB	0.1698522586	0.1866158172	0.257703	0.0530793	0.80408492015
AC	0.09844663815	0.1125723285	0.0527567	0.0297080522	0.6236766392499999
AC	0.15738987005	0.1818981617	0.276388	0.0409054216	2.06320690755
AB	0.16746393765	0.19704497270000002	0.145346	0.0276680974	0.9067066824500001
AB	0.118176377	0.08536761540000001	0.129044	0.0188848614	0.6958039615
AB	0.0960708895	0.11582778869999999	0.111706	0.0268590097	0.6491478618500001
AB	0.1187317767	0.17286892529999998	0.267198	0.0649323719	1.13925615385
AC	0.1184184267	0.1365504534	0.108952	0.0408326	0.42820418135
AB	0.11440464819999999	0.12210389719999999	0.11597	0.0284176008	3.1587484831999997
AB	0.17992375784999998	0.18611657939999998	0.164674	0.0339090637	0.9306002453
AC	0.1248374453	0.1148948906	0.0792011	0.020862	0.27767347265
AB	0.16166756515	0.20949373970000001	0.267064	0.0465946094	2.1766742073
AB	0.12957557825	0.1617756423	0.165318	0.0433184858	2.7665770487
AB	0.4144235922	0.3708949737	0.213338	0.0618847893	3.78285547325
AC	0.14871302905	0.1190689757	0.179225	0.0245119176	1.29867858055
AB	0.14767603815000002	0.1951702756	0.193266	0.0597431993	2.12900929235
AB	0.19566944814999998	0.127028984	0.152384	0.0410990877	0.622146857
AC	0.1123141288	0.28258	0.131586	0.128356	0.6038414559499999
AB	0.2901602532	0.1786970585	0.250603	0.0703435521	0.5404883399
AB	0.0813539852	0.10628037300000001	0.098016	0.0264881026	0.54811854125
AB	0.14536919655	0.1630954542	0.148897	0.0297500611	4.0939611317499995
AB	0.24499671325	0.3048006072	0.265579	0.1091311807	0.8751611621500001
AB	0.11456856795	0.1122779823	0.129605	0.0330188464	0.70063279425
AB	0.1136905466	0.1398983857	0.141244	0.0244002925	0.7149728979
AB	0.12725682605	0.1857908318	0.15486	0.0514761797	1.3393729209499998
AB	0.1276988291	0.1382099949	0.166213	0.0368303367	1.57006558705
AB	0.1096612594	0.1726443463	0.146178	0.0568838275	1.0131266281
AB	0.10233222545000001	0.15231829600000002	0.166298	0.0668238451	0.5705050299500001
AB	0.1701945023	0.1761289876	0.233086	0.031739983	1.6520470987
AB	0.18464294669999998	0.18190184699999998	0.204172	0.0467359536	0.8504318531499999
AB	0.16049002545	0.20734264949999998	0.179557	0.0510935986	2.1121495781
AB	0.14105748085	0.21310327079999997	0.126328	0.0799803091	3.3944149858999997
AB	0.1458034976	0.1771139932	0.244828	0.067394998	1.59301603525
AB	0.10655371755000001	0.1448624222	0.159957	0.0373759871	1.1967823712499999
AB	0.147981096	0.170357256	0.220448	0.037981064	0.98464328555
AB	0.10653979075	0.1402188298	0.100788	0.0380482483	0.6936745619
AB	0.1334345376	0.1688648348	0.160993	0.0632077596	1.1867937658
AC	0.08478276905	0.0971101608	0.0662057	0.0127744227	0.417093815
AC	0.2141938662	0.4829207324	0.196263	0.226738	0.95078797345
AB	0.1899209874	0.18978678129999998	0.230103	0.0592938065	1.1132758511499998
AB	0.10119090115	0.1090432519	0.162145	0.0339684496	1.1393248848000002
AB	0.10645801015	0.1357817657	0.186421	0.0274617454	1.2548083464
AB	0.1281381114	0.1150252729	0.20771	0.0314530501	1.4053356991000001
AB	0.15671517535	0.2016301955	0.316621	0.0488588448	1.30157681595
AB	0.20163651355	0.3056740254	0.25929	0.0884519983	1.9217045521
AB	0.08797045340000001	0.1171423093	0.118203	0.0305999025	1.13256165465
AB	0.1426538752	0.18923705429999998	0.162472	0.0431763039	0.71250769915
AC	0.12471726305	0.1792760261	0.116033	0.0555965	0.5166354113
AB	0.14167430825	0.15526938329999998	0.251653	0.0291067668	1.59731041355
AB	0.15518648695	0.1445990861	0.299454	0.0284711122	0.93308108275
AB	0.163538272	0.1212885461	0.274289	0.0353950021	0.8730977367999999
AB	0.25558855150000004	0.3234758708	0.3417	0.0932637678	0.78385705295
AB	0.20774262934999999	0.28471305140000003	0.192075	0.1336617927	0.9582897986000001
AB	0.07042828825	0.0897280756	0.124056	0.0271495991	1.20356936695
AB	0.1466133828	0.1658308656	0.195894	0.0411121	1.4713035351000001
AB	0.1075401163	0.1261080865	0.145012	0.0214728539	1.7513207205999999
AB	0.19079372405	0.22263752750000002	0.27208	0.0368110794	2.1049638110999997
AC	0.16595947625000002	0.2261620628	0.26554	0.0273781103	1.6832168687
AB	0.1298668827	0.1247008369	0.12928	0.0265340715	1.3384926813
AB	0.18532563875000002	0.3071863147	0.272641	0.1051640372	1.3617228668
AB	0.08916367025	0.0888375731	0.0813688	0.0318332326	0.77588910955
AB	0.11487544975	0.1673087995	0.187406	0.0502529	2.90210707395
AB	0.08530161885	0.1048242921	0.162102	0.0346980544	0.80226870335
AB	0.13199007255	0.1441752747	0.246905	0.0194881296	3.7704974727000002
AC	0.13608451594999998	0.1626326844	0.536534	0.0248606525	1.3324044118
AB	0.15456749355	0.1563996426	0.153598	0.0359356555	0.6762673218
AB	0.1083261556	0.1559976846	0.156787	0.0601873734	1.2295025391499999
AB	0.12188552655	0.1842438821	0.141091	0.061539829	1.0003932697
AC	0.2816955	0.3469809	0.221888	0.0429149	1.01517754965
AB	0.13016906415	0.15913262579999998	0.17973	0.0487184975	0.56494626915
AB	0.0953826242	0.13891894840000002	0.308314	0.0432361	1.2785134777999998
AB	0.10880442004999999	0.1508936413	0.365481	0.0394068012	0.697310491
AB	0.1354607056	0.1607656841	0.887609	0.0249532729	0.88147549345
AB	0.19398120894999998	0.1456003289	0.209224	0.031364911	1.04167661505
AB	0.15512300735	0.1987675515	0.178408	0.0441775368	0.9251203594999999
AB	0.1121385509	0.1935854643	0.151557	0.0778833625	1.34430499125
AB	0.15789098229999998	0.2221652646	0.102808	0.0716993	3.15759413725
AC	0.18098795439999998	0.2085850682	0.237253	0.0297431594	1.8676902152000001
AB	0.13480885885	0.17051122829999998	0.150801	0.0201875106	4.1117606071
AB	0.2464242426	0.1719668242	0.197586	0.029738339	0.7390019366
AB	0.18294112665	0.2886663819	0.147492	0.0635681286	0.7584329617
AB	0.13141421165	0.1481499731	0.202541	0.0282815498	2.71273777165
AB	0.09697773055	0.11973556269999999	0.105896	0.0197446016	0.55408292115
AB	0.1059969343	0.1553235353	0.151329	0.0431786667	1.6921871167
AC	0.1630476052	0.1694028395	0.169369	0.0261686291	1.39148866925
AB	0.1897065486	0.1961988367	0.204945	0.0528697395	2.0863846234
AB	0.22509324965	0.1382297744	0.256814	0.0416552751	1.0477659707
AC	0.15945472725	0.18361870130000002	0.177664	0.0245482468	0.65683818105
AB	0.0902649651	0.1057486559	0.100237	0.0212330257	1.96838482975
AB	0.10719389625	0.1289790178	0.157331	0.0418142253	2.4347174471999997
AB	0.11316390565000001	0.1298639892	0.274024	0.0359021779	1.3746612476
AB	0.1413229604	0.2463684208	0.112233	0.0902025	0.53326762985
AB	0.11412158465	0.1376202693	0.130047	0.0363381	0.9633771976
AB	0.10321410195	0.15219285500000002	0.178058	0.0449360511	0.75672689355
AB	0.1222541469	0.1772846765	0.176993	0.0513493827	2.26973922915
AB	0.12252694755	0.11623088540000001	0.350487	0.0240669903	0.8643098502
AB	0.15693422405000002	0.1581642001	0.170316	0.021332752	1.1103413183500002
AB	0.18546548940000002	0.2090585737	0.203469	0.0631505949	1.2641888585499998
AB	0.1559270236	0.2435407971	0.165523	0.0694817499	2.0561950072
AB	0.1623073465	0.174576993	0.145689	0.0406393	0.5760293806
BC	0.132819	0.102648	0.102648	0.0053942337	4.834590893850001
AB	0.15365645195	0.2357099693	0.495041	0.0472590654	1.01588386585
AB	0.0969718975	0.1415351422	0.161583	0.0382474472	3.62452711855
AB	0.1737974956	0.12169442589999999	0.447962	0.0265294347	1.0103105534999999
AB	0.1449491835	0.12667730319999998	0.132435	0.0296299362	2.05369639795
AB	0.15212165830000002	0.20199561659999998	0.164468	0.0515733	0.69148024325
AB	0.13598509505	0.2651065585	0.170241	0.0914331684	1.7688816545
AB	0.09976098994999999	0.1302929941	0.119187	0.0351040142	1.2059313104
AB	0.09539712385	0.1054087477	0.101924	0.0280555	0.7120635489
AB	0.16066525725000003	0.1917955597	0.189001	0.0505130452	1.2063584966
AB	0.10448378135	0.16666538079999998	0.130488	0.0632428181	1.390922544
AB	0.2805876801	0.1402665358	0.454348	0.0175211756	0.57369318785
AB	0.13497979529999998	0.16606477390000002	0.18485	0.0576451833	1.2068634013
AB	0.22148920215	0.2536091421	0.276718	0.0355567378	1.1168646844499999
AB	0.1425613036	0.17024822280000002	0.161344	0.0448056156	2.0961991458
AB	0.15957351515	0.170137013	0.232783	0.0346639827	1.2514833228
AB	0.0900840384	0.12347055269999999	0.132378	0.0339352759	2.20261789665
AC	0.11372778385	0.1416573052	0.199905	0.0158367375	0.67078320985
AB	0.17469902165	0.178440174	0.295273	0.0418371307	1.14803614625
AB	0.20576012970000002	0.18041144190000002	0.169095	0.0493861825	1.02791137035
AB	0.12098467115	0.14997042	0.144475	0.0376230777	0.8065974608
AB	0.14747953725000001	0.2587144202	0.217378	0.1276433457	0.94613188665
AB	0.1180471977	0.1534748035	0.168508	0.0370724081	1.3080758443999998
AB	0.10509591535	0.1346443614	0.126791	0.0430765307	0.7343773521
AB	0.11521654855	0.1589640971	0.159725	0.056374	1.1965897932
AB	0.18436262785000002	0.247335539	0.185321	0.0504702833	4.71763651795
AB	0.18385917610000002	0.1669803013	0.177146	0.0369519491	3.11179103305
AB	0.1103639357	0.1785421391	0.160709	0.0749622677	2.7296053598
AB	0.0793717279	0.1146724187	0.128332	0.0385453629	1.8412207117500001
AB	0.088839696	0.1618684437	0.173416	0.0578517517	0.7470627358999999
AB	0.131318286	0.1515371281	0.161455	0.0401645561	1.0389581973
AB	0.05243262505	0.056606060799999997	0.0697199	0.0187508107	0.6323723406
AC	0.11095895415	0.1967005083	0.14272	0.0748306	0.40562414199999997
AB	0.1022070594	0.12497734499999999	0.135674	0.0255902262	0.63362631935
AB	0.1744531412	0.23998556059999998	0.241991	0.0923052782	0.998348236
AC	0.1571193326	0.18558026519999998	0.342936	0.0311396	0.76247918845
AB	0.12962377565	0.1412733182	0.239259	0.0237577669	0.6898944786
AB	0.16871498564999998	0.19669344589999999	0.214526	0.0508174746	0.7040796276
AC	0.157312	0.3176	0.224831	0.12779	0.6081691803
AB	0.1350973475	0.17671289499999998	0.183006	0.0527242	1.0804193229499999
AB	0.2100639293	0.3006887458	0.328287	0.0967618872	0.99876387975
AB	0.1377168076	0.16803855210000002	0.163829	0.0338949369	1.2708781652
AB	0.18093430235	0.1968270923	0.225169	0.0317754876	0.87372250855
AB	0.18032463804999999	0.2514538564	0.240461	0.0708615803	2.7442208721
AB	0.11642009405	0.1324819444	0.161695	0.0235317563	0.62682208845
AC	0.1205482204	0.1462974408	0.130651	0.031151	1.3228502744
AC	0.1559154723	0.19822276249999998	0.150586	0.0331728179	0.92031833
AC	0.2314735	0.2485287544	0.273216	0.0291657544	1.5679505334000001
AB	0.13439841214999998	0.1342348594	0.190197	0.0290910351	1.3871963878
AB	0.1014252635	0.1074358926	0.158678	0.0158533656	0.4517742857
AB	0.1937127176	0.220435191	0.205309	0.0347767558	1.28696097725
AB	0.3449202964	0.16583262869999998	0.195927	0.0417930359	1.24668767525
AB	0.1666356726	0.22029519269999998	0.199648	0.0782348475	1.8432501545000002
AB	0.1520671898	0.1705418796	0.202762	0.0275005	2.3422044348
AB	0.1455516567	0.1598650734	0.552383	0.06733976	0.73727660825
AB	0.13156427910000001	0.1848495245	0.172852	0.0515429663	1.04416527415
AB	0.39216739315000004	0.3443675546	0.430216	0.0883187683	1.43554309415
AB	0.1246657125	0.16483518600000002	0.130555	0.042977761	0.73656062975
AB	0.15947854075	0.1757568612	0.151579	0.0531367797	1.18724782915
AB	0.12616548505	0.1606524896	0.252229	0.0519625195	1.13001040085
AB	0.1702680949	0.2379317748	0.156254	0.059851585	1.3319186974000001
AB	0.10876935435	0.1521409939	0.107961	0.0265828852	0.4831178403
AB	0.1139230272	0.1653790235	0.220873	0.0497259691	1.28714398545
AC	0.174132	0.19541789999999998	0.244692	0.0315739	0.6021396234
AB	0.13718324965	0.17738500359999998	0.182716	0.0476555043	0.72602722065
AB	0.1168640616	0.1678129232	0.173091	0.0580848	1.10301806425
AB	0.11967799725	0.175428117	0.154921	0.0496091225	5.1720336781
AB	0.16871045950000002	0.19135730620000002	0.169178	0.0532913872	1.06848302645
AB	0.12669320755	0.17174324200000002	0.240412	0.0387868269	1.8493513968
AB	0.15472729735	0.18856859469999998	0.163235	0.036184	0.9176743595
AB	0.10951780365	0.1577078979	0.170343	0.0442982906	1.78912825965
AC	0.1393662404	0.2181198808	0.213716	0.0735084	0.48897868785
AB	0.1103053197	0.1575038171	0.154667	0.0633951777	0.94247318565
AB	0.1623323432	0.14546240430000001	0.131568	0.0294387179	1.0748366169499999
AB	0.15549369424999998	0.1946329885	0.190228	0.0399696	0.9731673899000001
AB	0.1118156455	0.203047691	0.130281	0.0588039	1.1124173791
AB	0.27645265655	0.3026162131	0.477575	0.0659659	5.61548714965
AB	0.15514286659999998	0.1765126204	0.165829	0.0621018872	1.2475885456
AB	0.1076538007	0.1196266669	0.131502	0.0200540655	0.37348957644999997
AC	0.14629350000000002	0.17131574900000002	0.177	0.021324749	1.3840509046
AB	0.1100542896	0.1308257025	0.202284	0.0296631233	1.15387308855
AB	0.10790592639999999	0.1325583247	0.143599	0.0282714719	0.6376121165
AC	0.16062407285000002	0.2049705504	0.268664	0.0440654047	1.226664255
AC	0.156321	0.2649509	0.255604	0.0599669	1.00996824355
AB	0.1006490385	0.0930533272	0.140643	0.0270782502	1.47145192445
AB	0.1022638643	0.11303522319999999	0.154105	0.0247424946	1.26215659745
AB	0.13379124275	0.1452835346	0.143362	0.0265430491	1.25309467515
AC	0.12491920000000001	0.22142070000000003	0.179258	0.0643287	1.5912825264
AB	0.1018026809	0.1269456742	0.137965	0.0242283124	2.3073386326
AC	0.1367153441	0.2028032882	0.106957	0.0628396	0.82418330585
AC	0.10931110000000001	0.211602	0.284577	0.038439	1.58525566635
AB	0.20749094765	0.2188811953	0.357627	0.0622543	0.65710904595
AC	0.14220275	0.29644099999999995	0.163191	0.106706	1.05772284715
AB	0.22947494349999997	0.2169191539	0.29517	0.0478612669	1.6435471307999998
AB	0.15135609485	0.1393584054	0.140573	0.0245582157	1.1658512553
AB	0.0978954254	0.1231020709	0.138043	0.0265401201	0.80883481135
AC	0.13742314065	0.1924550813	0.170692	0.0345438	2.6104570161000002
AB	0.17671376375	0.1909520225	0.180054	0.041254495	1.7898636017
AB	0.17107073220000002	0.1781918489	0.233656	0.0364023845	2.29616442815
AC	0.12904529605	0.28367600000000004	0.259987	0.111649	2.9269213912
AB	0.17646006679999998	0.2217243336	0.152894	0.0669592	1.24174487075
AB	0.14185272225	0.1589454809	0.251571	0.0388470364	0.87792300355
AB	0.10751537275	0.1314288627	0.110914	0.0436951172	0.5025742997
AB	0.15237900794999998	0.23607853299999998	0.225253	0.0802325171	0.79092118585
AB	0.11570243894999999	0.13597296949999998	0.304835	0.0512590916	0.9342539192
AB	0.17580363189999998	0.1650624853	0.272126	0.0260952215	0.34539490284999996
AB	0.15241214665	0.194666255	0.163243	0.0192409617	0.38366879755
AB	0.1176233402	0.1422371076	0.151422	0.0379214272	1.2140890068
AB	0.11781512255	0.1555835596	0.192822	0.0389263145	0.56885399015
AB	0.1503918974	0.1707758948	0.169286	0.0617431	0.79276266875
AC	0.1334475	0.23296480000000003	0.194845	0.0647678	0.5909334184
AC	0.1134909392	0.1252062233	0.12343	0.0085503449	0.46773746795
AC	0.12615670140000002	0.1905738028	0.146384	0.0621274	0.8825301214000001
AB	0.1201586566	0.16403861320000002	0.07179	0.0582043	3.4111237660500002
AB	0.22120804160000002	0.2335422613	0.24295	0.0538331781	1.0825582762
AB	0.12656053479999999	0.1762244696	0.166855	0.0682984	1.3742344431
AB	0.13178493345	0.1299143909	0.139197	0.019172524	2.00509795495
AB	0.1757118633	0.2214528171	0.229493	0.0555880905	0.82495055905
AC	0.13594348655	0.1869897731	0.102988	0.0657978	0.4209649882
AB	0.13296437095000002	0.19603027110000001	0.155615	0.0545495292	1.8536935026999999
AB	0.15950093345	0.1449110431	0.165712	0.0373761762	1.0695571979
AB	0.15623127415	0.1990292192	0.213149	0.0321906709	0.8792029552
AB	0.08269177515000001	0.12097254269999999	0.124209	0.0240247924	0.44538303465
AB	0.10594578705	0.16929896970000002	0.105124	0.0156718956	1.5448616433
AB	0.1490877455	0.1752144249	0.196478	0.0342449339	0.94950242605
AB	0.2102602217	0.2128098834	0.196557	0.08310844	1.3186432516000002
AB	0.1211289555	0.1648848615	0.250468	0.0449699505	1.52947082505
AB	0.1578026449	0.1823728561	0.189919	0.0292215663	0.8192739385
AB	0.27996375885	0.3335665177	0.30559	0.098751	4.17890776805
AC	0.1167890915	0.13665158300000002	0.0894556	0.0341674	3.28188732795
AB	0.13286241405	0.1756851856	0.234885	0.0249583575	4.5088963609
AB	0.17180089995	0.2251321999	0.161946	0.0556644	0.8199224490499999
AB	0.12135437925	0.1282509283	0.167839	0.0374891698	1.03672185975
AB	0.15232988965	0.2121457823	0.167218	0.060335003	1.13260617955
AB	0.16454952644999998	0.22954047589999999	0.167006	0.037577423	5.2125154873
AB	0.1246375469	0.1862008938	0.118003	0.0878488	1.24635365685
AB	0.1218243024	0.1340382042	0.154525	0.0221435994	1.05119515585
AB	0.1302647469	0.1581113347	0.175226	0.0465198409	2.12748578325
AB	0.08267332905	0.0975211339	0.111878	0.0185691758	1.0200820664999999
AB	0.1361186802	0.21007379569999998	0.0998108	0.0516254353	1.7813928068
AB	0.1815837376	0.3170503749	0.137819	0.0948318997	1.40628508195
AC	0.093467483	0.116400169	0.0980984	0.019044703	0.5102123250999999
AB	0.12535711105	0.1653466079	0.171211	0.0441533858	1.3428838925
AB	0.1298667859	0.20322817180000002	0.204596	0.0800126	0.56543257555
AB	0.12909896655	0.1778842296	0.162193	0.0686452965	2.7489614921500003
AB	0.1217970635	0.1795523919	0.148391	0.0461632649	1.21184272195
AB	0.11749583595	0.146883443	0.143946	0.0470047711	0.9025843959
AB	0.09994448424999999	0.1459232019	0.138644	0.0361855334	1.0259341546
AB	0.15505033395	0.1776247961	0.188063	0.0422721282	1.9007433736000001
AB	0.14410829845	0.1668150001	0.192752	0.0385044032	5.2907287657
AB	0.16851841865	0.2891857459	0.224453	0.0891039086	1.68072262565
AB	0.14404066025	0.22035762050000002	0.528738	0.0480673	0.6899704645
AC	0.1273862361	0.1492360803	0.149134	0.0231416081	0.86881982725
AB	0.1511637576	0.1874969089	0.198083	0.0365143937	1.3681192502500001
AC	0.40670449999999997	0.6886563868	0.104763	0.0189483868	0.75599157385
AB	0.12792060770000002	0.2097169154	0.205704	0.053504	1.1071913263
AB	0.08042942780000001	0.3891199556	2.3332	0.319916	0.2226505763
AB	0.20782868655	0.1820581301	0.161873	0.021981757	1.6724367897
AB	0.15813348935	0.2158791145	0.200009	0.0457111358	1.30297133875
AC	0.1462415136	0.19498452719999998	0.128645	0.0938685	0.63189946445
AB	0.18521834785000002	0.3056600957	0.200106	0.0935904	1.5720901314
AB	0.1312985975	0.20339685819999997	0.105961	0.0863766632	0.8477071372
AB	0.13892259185	0.1479713514	0.117127	0.0253731677	0.9029910941
AB	0.1638637082	0.1255036807	0.268382	0.0078942643	0.4738214572
AB	0.144627376	0.1730445937	0.152478	0.0393698417	0.77454696135
AC	0.14040049999999998	0.1576625938	0.165867	0.0083755938	2.67647079325
AB	0.20406876429999998	0.2622913141	0.257363	0.0311687855	1.27883160925
BC	0.3496605	6.7227859883	6.7227859883	1.01657	1.15138348835
AB	0.1159107683	0.1439372521	0.152497	0.0312447155	1.2779585011
BC	0.1478015	0.1214337908	0.1214337908	0.0091551332	0.8019202533
AB	0.11189049705	0.1752711906	0.139912	0.0438165965	0.51802765755
AB	0.16308417625	0.141270848	0.29402	0.0286824955	0.9633317238
AB	0.14177568229999998	0.1758277354	0.160861	0.0226903708	1.1048595316499998
AB	0.10782042615	0.145039689	0.144656	0.0480798367	2.0292150867
AB	0.1276892603	0.1352696761	0.157954	0.0288431555	0.982707257
AC	0.14634919999999998	0.2182165817	0.173938	0.0135775817	0.4124730648
AB	0.20312978515000002	0.2010709766	0.175689	0.0409394063	1.2022322594
AB	0.29654631485	0.1878707124	0.183869	0.0400120827	1.422720237
AC	0.1840795	0.1940163891	0.205268	0.0135093891	0.5945754688
AB	0.165985655	0.1711486545	0.218692	0.0457863445	1.0813807435
AB	0.10886364205	0.14285691920000002	0.180593	0.0316836351	0.67480222885
AB	0.11893361655000001	0.1669799683	0.166715	0.0696627352	1.10276019705
AB	0.11220873754999999	0.1394300019	0.14255	0.0453055268	0.7990187757
AB	0.12029465959999999	0.1676968492	0.179269	0.04753653	1.10356275195
AB	0.11141002985000001	0.1567587341	0.191576	0.0451236744	0.9740281261
BC	0.205691	6.3577195358	6.3577195358	0.219606	1.1884657739
AB	0.11502785185	0.157981167	0.210819	0.0508144633	1.3474978362
AB	0.15672461529999998	0.1681247945	0.178826	0.0331745639	0.54036960385
AB	0.1575944061	0.20389963779999998	0.120803	0.0626428256	0.8551922791
AB	0.15886345885	0.1646039655	0.625926	0.0352660478	1.2079301804
AB	0.1228532375	0.176936428	0.177519	0.091756953	1.7946669542000002
BC	0.1202495	3.80086	3.80086	1.03035	1.46080547705
AB	0.17246983585	0.2397106717	0.211877	0.080158	2.27953625515
AB	0.11995218615	0.1529537259	0.178364	0.0297463536	0.5116280142
AB	0.07556879775	0.1068688955	0.140148	0.0317114	0.40714344560000004
AC	0.18288787275	0.3111271	0.173744	0.0682771	1.41731828275
AB	0.1543785868	0.2171732766	0.137016	0.066078103	1.3252981548
AB	0.065814255	0.0863001884	0.0970276	0.0294791784	0.4661485353
AB	0.1588591609	0.18134646559999998	0.166216	0.0297251438	0.9218500606
AB	0.11956863979999999	0.16304079729999998	0.131645	0.0251905177	3.5365284208
AB	0.09749268635	0.10781130080000001	0.10323	0.0253539281	0.7655188733999999
AB	0.1883846727	0.2156263482	0.161822	0.0480640028	1.49256590355
AB	0.08424297075	0.0908187674	0.0804057	0.0189732259	0.9279885521
AB	0.14439399385	0.201329655	0.178991	0.0817576673	0.9187837498
AB	0.1366783539	0.1102657859	0.133863	0.0279440781	1.77799367695
AB	0.09665969999999999	0.11746661219999999	0.0914307	0.0313102122	1.4887391948000002
AB	0.13118172955000001	0.16564135530000001	0.181365	0.0294638962	0.92947782835
AB	0.23475475334999998	0.1309453226	0.132048	0.0279718159	5.06789986165
AB	0.0963194997	0.1254718854	0.130662	0.027468886	5.2261320179
AB	0.1265566062	0.1670161748	0.152021	0.0574329624	2.4912311728
AB	0.09173849270000001	0.1116596054	0.153028	0.04124262	1.24235385245
BC	0.15661350000000002	0.1057919247	0.1057919247	0.0139270051	1.18802041575
AC	0.15067873510000002	0.1729566174	0.124094	0.0161591472	0.7193009025499999
AB	0.15747916465	0.24592575819999998	0.276895	0.0976974289	0.8937500943
AB	0.2601399444	0.24668377160000002	0.34438	0.0646808828	1.0023552969
AB	0.16276598635	0.2620621804	0.282973	0.0756892077	1.30848959935
AB	0.11367791699999999	0.1362865435	0.137071	0.0304057095	2.6770987305
AC	0.14677953135	0.22284656270000003	0.165083	0.0726325	0.69806550695
AC	0.174857057	0.27161261400000003	0.174955	0.0756035	1.7046953135
AB	0.15299919045	0.1929169023	0.154959	0.0464045214	1.3702059214
AB	0.1460876843	0.1563539993	0.119854	0.0336726307	1.4032646511
AB	0.1207302887	0.148291582	0.115793	0.0261330046	5.56131861355
AB	0.13910812125	0.15976355479999998	0.138565	0.0250303123	0.83650463155
AB	0.1153608651	0.15898724390000002	0.194663	0.0511535137	0.804115925
AC	0.32218700425	0.1567667363	0.186117	0.0204087278	0.6093589473000001
AC	0.1613715	0.1901067491	0.143196	0.0208497491	0.9739806025
AB	0.17957799885	0.1263246988	0.159745	0.0307117011	1.924617464
AB	0.18416712185	0.26067045910000003	0.338477	0.0378722154	4.931980729999999
AB	0.0949760889	0.14013561	0.1218	0.0397251322	0.6295817822499999
AB	0.08039053974999999	0.1085110268	0.109117	0.0378854473	3.12529868865
AB	0.14769221635	0.1844574074	0.152256	0.0315449747	1.3939252294
AB	0.16140730295	0.1789792171	0.239214	0.0476896112	1.58211412225
AB	0.27147604555000004	0.3788870528	0.142875	0.0267229617	0.9246372133499999
AC	0.15829394215	0.1868882573	0.137237	0.029659373	1.70800880495
AB	0.0871022476	0.1364350965	0.130716	0.0142974013	0.3705986766
AB	0.13506521315	0.1979331263	0.106095	0.0710317	0.7348054277
AB	0.10248985605	0.1574616318	0.187715	0.0577729197	1.0650162348
AB	0.1981210081	0.2245356133	0.253414	0.1122455971	0.88980771955
AB	0.1817229153	0.2046755714	0.183535	0.0618067408	0.9139267296
AB	0.16858564865	0.2105046973	0.187906	0.0814334	1.892848528
AB	0.06371818895	0.09123552189999999	0.0595748	0.007087344	0.5053785279
AB	0.21210396385	0.2036934172	0.193709	0.0791954895	1.07648898645
AB	0.09327980945	0.1376319335	0.132541	0.0406947146	3.92646708395
AB	0.09129103005	0.1277769008	0.126397	0.0289724407	1.2627101857
AB	0.1404318265	0.1990277399	0.146352	0.0375930869	2.9081613804999997
AB	0.1089568074	0.1099164493	0.120729	0.0129868345	0.85461433405
AB	0.0973657	0.09037983599999999	0.103806	0.013004436	0.45108708735
AB	0.14616512475	0.164175379	0.180101	0.0547431295	0.7089807255
AB	0.14920877640000002	0.1472519968	0.183894	0.035846444	1.012496492
AC	0.404175	0.5008323	0.175139	0.0758933	0.5173419994
AB	0.09584166625	0.13256783249999998	0.144597	0.0375852	0.6493922778000001
AB	0.1104812432	0.1551422864	0.0998688	0.0492668	0.93377518735
AB	0.166772838	0.2030610591	0.273198	0.0512763831	1.31655988555
AB	0.0808428456	0.1094583417	0.101021	0.0403476505	1.20516963615
AB	0.15414557865	0.2184030027	0.876243	0.0589398454	0.7006308503
AB	0.06945940905	0.07556883149999999	0.113837	0.0125105134	0.445955288
AB	0.15546245884999998	0.1852968356	0.251424	0.0397509179	4.501797622200001
AB	0.10195477385	0.1355855675	0.131443	0.0411700198	0.64672308
AC	0.1432684133	0.17957243839999998	0.219194	0.0326616118	1.46338588885
AC	0.13355299999999998	0.2200205	0.233631	0.0868095	0.64967703155
AB	0.0960088023	0.13116579709999998	0.114961	0.0279357925	5.11603982625
AB	0.09782944425000001	0.1348643658	0.135106	0.0475824773	0.7481824650000001
AB	0.07620610905	0.0812718737	0.105963	0.0205292556	1.9549132891999998
AB	0.14865844150000002	0.18628996779999998	0.188468	0.0540890848	1.8481575232999998
AC	0.14577821165	0.1537743606	0.154233	0.0181679373	1.2513140146000001
AB	0.1366431598	0.1769610737	0.168144	0.0579167541	0.72251738725
AB	0.12474844805	0.1527673936	0.170502	0.0453444975	2.76921572605
AB	0.0896398939	0.1099813818	0.2684	0.040147594	1.1950326654999999
AB	0.25367416155	0.2637180306	0.32964	0.0740247075	1.22868247385
AC	0.14164785000000002	0.287067	0.142321	0.103469	0.8907524109
AC	0.2795561337	0.4268692674	0.404253	0.166971	0.8364417289
AB	0.11347542969999999	0.12662255309999998	0.145298	0.0300306937	1.0649331568
AB	0.13527258295	0.17164201440000001	0.418066	0.0533948485	1.83682986355
AB	0.12607144875	0.1357608794	0.132499	0.0117629819	0.5839856543499999
AB	0.12621886685	0.169520815	0.327554	0.0566770813	1.18035488855
AB	0.1136083681	0.1869499227	0.208001	0.0727971865	1.8956838484
AB	0.1618299002	0.185275068	0.194496	0.0294952676	0.7702860965
AB	0.1442646211	0.17063137960000002	0.146362	0.0292761374	1.9753069550000002
BC	0.3394865	0.300103	0.300103	0.0486175336	1.04193562155
AC	0.0903084	0.1562112	0.113981	0.0476612	0.5287786322
AB	0.1434482955	0.14312257620000002	0.123291	0.0350679852	0.7959936843000001
AB	0.20876599540000002	0.1530061311	0.405412	0.0405361403	1.7239660910999999
AB	0.43467049999999996	0.4379581292	0.368331	0.0463971292	2.78326604565
AB	0.1957118497	0.2670828494	0.357623	0.07939115	5.14477606975
AB	0.1052686935	0.1055840343	0.163911	0.0372716473	1.5327714269000001
AB	0.1445086994	0.19949679879999999	0.213184	0.0389404	2.6670595175500003
AB	0.23034511035	0.3021035825	0.149249	0.0772173618	1.4303271972
AB	0.0665868993	0.081525187	0.11182	0.0184068884	0.3202919066
AB	0.25071794129999997	0.41787088259999994	0.450394	0.15294	0.89934276815
AB	0.10916230995000001	0.156090705	0.141436	0.0343573851	1.0770158622
AC	0.14925711279999998	0.1878379734	0.190985	0.0349397478	1.2424913402
AB	0.0866298187	0.1015989572	0.156759	0.0247590198	0.6572291137999999
AC	0.12155485804999999	0.1516430161	0.238102	0.0206183	0.63699074425
AB	0.11387003765	0.1843278572	0.236123	0.0612187819	2.2429171623
AB	0.25707837295	0.41701833050000003	0.132001	0.1490465846	2.7981944331
AB	0.1190261651	0.12992217920000002	0.166468	0.023255849	0.9818528958499999
AB	0.0988187498	0.1238356996	0.170345	0.0354102	1.0231409661
AB	0.5210976367	0.1409462734	0.330707	0.051504	0.7051343378
AB	0.31129807745	0.1341928434	0.113048	0.0558906885	1.22745506775
AB	0.10050968915	0.1536012185	0.119129	0.0463769402	5.244799833149999
AB	0.12535712664999998	0.20491717189999997	0.171499	0.0706329186	0.86678533825
AB	0.15475505495	0.1575611086	0.165834	0.0339359987	1.2216773883
BC	0.23854799999999998	1.09993	1.09993	0.0467185	1.2416143714
AB	0.10487394659999999	0.15842529319999998	0.143343	0.0497894	1.6683385437
AB	0.23157690335	0.3855366511	0.331758	0.1863358444	1.6524295048
AC	0.0849146173	0.2059153346	0.358971	0.0875324	0.7478844680000001
AB	0.1150327307	0.1642836796	0.131102	0.0448402182	1.1397480181
AB	0.12777174730000002	0.227795022	0.120603	0.0828425274	0.7249355209
AB	0.1751793053	0.1656258962	0.192736	0.0377602856	0.61077328515
AB	0.11289877585	0.1242620888	0.123953	0.0356815371	1.523976529
AB	0.11961167860000001	0.1409539698	0.157923	0.0300706126	1.2422876389000002
AB	0.20569365285	0.1209946252	0.0998041	0.0350143195	0.7090961228
AB	0.10003099775	0.14231378	0.145335	0.0500637845	0.86845284255
AC	0.15781799999999999	0.24183179999999999	0.233013	0.0495938	0.94726669645
AB	0.1121823173	0.1534600227	0.151842	0.0246016881	0.6278890085
AB	0.1668814562	0.2036707358	0.2321	0.0679548234	1.5250005316
AB	0.18928815545	0.2054013214	0.230641	0.0395750105	1.0816902523
AB	0.16018529275	0.21661593850000002	0.175086	0.047541353	1.62645908695
AB	0.29804164489999996	0.10839548460000001	0.147801	0.0371091948	1.0437366715
AB	0.1274287841	0.1693223169	0.147302	0.0303837487	0.9512746884
AB	0.1311060864	0.152053024	0.18158	0.0397098512	1.5135179041
AB	0.1047099102	0.1304250204	0.149521	0.0355802	1.0311262128
AB	0.1104641756	0.15806455120000001	0.133804	0.0606562	0.85071045525
AB	0.1187476787	0.1170272262	0.192224	0.0172378688	0.7287086959
AB	0.1419341092	0.2065184184	0.147064	0.0482022	0.93184728605
AB	0.21999541379999998	0.2239480552	0.362978	0.0642642276	1.4470178778
BC	0.2318195	2.34076	2.34076	0.479502	0.8042979525
AB	0.09134494945	0.08924100630000001	0.121228	0.0213031074	0.8824018519
AB	0.41922639395	0.6523129075	0.218811	0.0208571196	0.9258049430999999
AC	0.12187291110000001	0.11069072669999999	0.0920043	0.0174579045	1.3110059445
AB	0.1492563125	0.1773936893	0.172357	0.0798360643	1.21384069985
AB	0.07174849135	0.1059619532	0.122574	0.0288219705	0.57779947885
AB	0.13180280025	0.1677490137	0.196545	0.0605564132	0.7744024113
AB	0.1218490634	0.1616446154	0.469235	0.0624524886	1.5413243066000002
AB	0.19973971499999998	0.2082591322	0.231653	0.0549817022	1.1606361284500002
AB	0.1471806254	0.16106401409999999	0.159958	0.0392237633	1.42142847895
AB	0.11493398939999999	0.1237846525	0.144438	0.0305766737	1.11299285595
AB	0.11674479795	0.1421952727	0.160906	0.0355586768	1.39119605795
AB	0.13801565324999998	0.17224820629999998	0.158576	0.0334818998	1.8557289298
AC	0.13816710295	0.17578320590000002	0.126126	0.045057	1.4538653892
AB	0.17318604225	0.22732018450000002	0.241584	0.0569561	1.2819679607499999
AB	0.1088398585	0.153958105	0.146419	0.046572388	0.7764861600999999
AC	0.1325155	0.270181	0.192131	0.119038	0.5311847695
AB	0.07705708859999999	0.111877358	0.109789	0.0341608808	0.9003117240499999
AB	0.0922505475	0.11290224019999999	0.140364	0.0270779452	0.4267256143
AC	0.17631589660000002	0.17124879750000002	0.170759	0.0252140043	1.4586418104
AB	0.29276309465	0.4144345414	0.304335	0.0763063521	1.1113915013
AB	0.2212070854	0.2025376708	0.237627	0.0568615	1.2555452224499999
AB	0.1316184984	0.15242619089999998	0.168858	0.0324231941	2.130153316
AB	0.10009749845000002	0.0891612316	0.0725943	0.0145902347	0.55301452985
AB	0.14124499805000001	0.18500479609999998	0.270753	0.0514458	0.84941072315
AB	0.1124759627	0.15871402540000001	0.275691	0.0452091	0.4379920396
AB	0.13443485375	0.1606071374	0.148785	0.0246534299	1.5045997288
AB	0.35727151265	0.3292031952	0.515167	0.0715631699	1.67012808805
AB	0.12080772705000001	0.13781720930000002	0.166887	0.0271927552	0.7733617609
AB	0.09210465295	0.1163909186	0.204944	0.0358056127	1.3464888099499999
AB	0.1398513006	0.1341237276	0.232697	0.0345091264	1.5025269258499998
AC	0.13895329335	0.2037671867	0.213734	0.0556396	1.04891058165
AB	0.16005700945	0.1609997805	0.207743	0.0387337616	1.2880708869000002
AB	0.136712616	0.18283613199999998	0.186862	0.0552779	0.9589950891500001
AB	0.07957316135	0.1106276789	0.13924	0.0388197562	0.9293999419
AB	0.1882602372	0.1422520562	0.164148	0.0279955818	0.64638891125
AB	0.22274641395	0.1988533279	0.20269	0.0728895	1.36236158955
AB	0.0833382258	0.0965575288	0.104113	0.0356590772	0.66167016965
AB	0.15122590835	0.1862252188	0.167728	0.0579934021	0.7723817592
AC	0.2223763136	0.2262197272	0.323888	0.0594681	1.3196408241
AB	0.16326853479999998	0.18010136919999997	0.200119	0.0464692996	1.1904087715
AB	0.13723597440000002	0.1424703225	0.183173	0.0259163737	0.73109914375
AB	0.15726719885	0.1780698511	0.147388	0.0349404534	5.1299037406000005
AB	0.1498763165	0.2394630116	0.221309	0.0990533786	1.01628927115
AB	0.13572611569999998	0.1116938047	0.171622	0.0178595733	1.0737274429
AB	0.1434672622	0.1774553139	0.144044	0.0560117895	3.3245636273500003
AB	0.0870075122	0.1107766902	0.229663	0.0286983658	0.47966619645
AB	0.07418302115	0.0974404438	0.177048	0.0180507015	1.3403270199
AB	0.18544528394999998	0.1669965505	0.214664	0.0238379826	0.7795451953
AB	0.26299484125	0.24959518249999998	0.264271	0.0583445	1.12324249205
AC	0.145858	0.1740828381	0.168437	0.0340708381	0.45018660395
AC	0.224131518	0.2273301564	0.199891	0.0406031204	0.7507767664
AB	0.15400593995	0.1635860276	0.316101	0.0368681477	0.77308820095
AB	0.0917023646	0.1133734478	0.11571	0.0566317186	0.6103223364
AC	0.1444082384	0.1293240189	0.0595225	0.0352465421	3.5635924181
AB	0.18222758085000001	0.1884124777	0.176597	0.044912316	3.0197095747500002
AB	0.12627474405	0.1659142456	0.138644	0.0283117575	1.3018242487
AB	0.1714567771	0.12315596749999999	0.192398	0.0383174133	1.36897317215
AB	0.41153383835	0.3675206767	0.468361	0.08701	1.4309517387500001
AB	0.0998793928	0.1272415432	0.0756892	0.0241972576	0.56935798185
AB	0.1972281589	0.2459422493	0.126361	0.0204519315	0.4184836813
AB	0.09347540565000001	0.152696077	0.122476	0.0531745657	1.11830405625
AB	0.0774316746	0.1128385492	0.151633	0.0309222	0.62321620505
AC	0.13714474529999998	0.1933900906	0.111637	0.0415716	0.59263857645
AB	0.15317746435	0.1860497947	0.131405	0.063519866	0.8458219072
AB	0.15097912554999998	0.11578794070000001	0.181146	0.0506906896	1.1669142211999999
AB	0.13675928345	0.1924178342	0.157025	0.0602002673	3.65463168915
AB	0.1777103928	0.2449206122	0.170895	0.0775978266	1.2442802048
AC	0.1154537988	0.1744937976	0.556315	0.0725172	0.56135719765
AB	0.09418485425	0.1339088899	0.0920192	0.0526661814	4.43023131755
AB	0.08275750335	0.11361245910000001	0.143133	0.0390848524	2.1920214481499998
AB	0.16915473805	0.20802732000000002	0.246188	0.0557518439	1.5973021523
AB	0.19723800889999998	0.1944942822	0.190817	0.0616642644	1.5710150185499998
AC	0.181171	0.2773104	0.166881	0.0481864	4.611601132650001
AB	0.16141244640000002	0.2158113335	0.220631	0.0535964407	1.28129514975
AB	0.206206305	0.2901966449	0.259403	0.0983370349	0.8592325039
AB	0.16967554245	0.2589967224	0.331299	0.0984156375	1.4681515669499998
AC	0.10652344999999999	0.1608372503	0.119878	0.0299012503	1.1069394640499999
AB	0.1756678687	0.1884385711	0.198484	0.0165188337	0.91952908395
AB	0.12503557205	0.1408041441	0.123006	0.057019	2.0443194067
AB	0.139345486	0.2109637869	0.115028	0.0728848149	0.6991222744000001
BC	0.13923914999999998	1.06152	1.06152	0.0490234	0.60317820655
AB	0.1253766805	0.12357021230000001	0.14728	0.0242528513	1.3550400633
AB	0.11130335235	0.110100247	0.249839	0.0172695423	0.72944696805
AB	0.09723466245000001	0.1460755225	0.14618	0.0437337976	0.51114231625
AB	0.1691987668	0.22952893359999998	0.1488	0.0479724	0.73235954355
AB	0.1640130287	0.24501337139999999	0.238577	0.095602314	0.8524858314
AB	0.21584868229999998	0.2629781955	0.26331	0.1016948309	1.05341623185
AB	0.1106032457	0.1823309378	0.117596	0.0592229464	1.01496544465
AB	0.11683321465	0.15691423440000002	0.123947	0.0354808051	1.516597907
AB	0.17725618165	0.1808427393	0.151758	0.051798376	0.77605570345
AB	0.1523976443	0.1820327786	0.132603	0.05118649	0.6555321702
AC	0.16116458975	0.16961337910000002	0.172077	0.0225751996	0.79848844775
AC	0.13600534405	0.1635735881	0.154616	0.0412519	0.735327238
AB	0.16935801395	0.1689679061	0.146494	0.0304038782	0.600639938
AC	0.1143335143	0.1267878756	0.218941	0.013026847	1.9409000245499999
AB	0.1186210062	0.1485064448	0.174286	0.0445134324	1.31822089155
AC	0.13777223360000002	0.2133500672	0.149581	0.0667676	0.35510459180000004
AC	0.3120983253	0.1687979429	0.184573	0.0369952923	0.6279201892
AB	0.12003131254999999	0.1484599653	0.184423	0.0316633402	0.8378558576999999
AB	0.1222697152	0.14029076210000002	0.177944	0.0299663317	0.68859785055
AB	0.09416720835	0.143642114	0.131589	0.0646146973	0.8973474274
AB	0.1020527444	0.1315519408	0.109306	0.031527452	0.48188286085
AB	0.1461642674	0.1465999107	0.198202	0.0345393759	1.1293639035
AB	0.10621498504999999	0.15479799119999998	0.16855	0.0465350211	1.0101053207000001
AB	0.13003711315	0.1408581978	0.143899	0.0251149715	1.1720151088
AB	0.09352289915	0.11759316959999999	0.144142	0.0470823713	1.09719312195
AB	0.12201320985	0.1761376425	0.469433	0.0782762228	0.94738792655
AC	0.12508980835	0.1339332167	0.116935	0.0315626	0.91164658515
AB	0.17019648565	0.2030342408	0.53716	0.0862602695	0.81710608845
AB	0.1596829621	0.22524632420000001	0.19168	0.0679344	1.05998666145
AC	0.13660972705	0.1910131541	0.155024	0.0625407	0.77960723275
AB	0.20282464075	0.27033798389999997	0.233424	0.0479637024	0.9229003986
AC	0.09547679889999999	0.0950413978	0.485969	0.0248728	0.65771885585
AB	0.1353290289	0.1626680221	0.211366	0.0461839643	5.3055437396
AB	0.0995122952	0.1287216904	0.228132	0.0452951	0.5807412162500001
AB	0.10712694649999999	0.19057899299999997	0.234275	0.057904	0.9469172923
AB	0.11273202955	0.1279068737	0.136432	0.0354898146	3.5216455174999997
AB	0.07690568895	0.1087769895	0.122925	0.0275373116	0.7665200209999999
AB	0.14699616655	0.2043730331	0.232778	0.0452307	1.2696574854
AB	0.5012334751	0.7469424794	0.642166	0.1673965292	1.15877753655
BC	0.132156	9.36799	9.36799	0.184283	0.81186559805
AB	0.1009040056	0.1221755441	0.169929	0.0092768329	0.54401238515
AB	0.1268535745	0.1758156125	0.174714	0.0682564635	0.8234202785
AB	0.1421578166	0.1782864786	0.199253	0.0253058454	3.45596856375
AB	0.11327529154999999	0.1287489879	0.0858901	0.0182414048	1.00187970755
AB	0.1082108098	0.11193713320000001	0.17464	0.0160165136	0.8871432720999999
AB	0.11366661805	0.1250574898	0.086424	0.0305042537	0.5705271007
AB	0.13419036645	0.12076252920000001	0.304971	0.0107097963	0.8109417176
AB	0.11773821979999999	0.1340212207	0.139543	0.0272847811	1.0637063416499999
AB	0.11226224245	0.1559805947	0.160415	0.0230447098	1.3036939323
AB	0.0816108941	0.1312689074	0.0953086	0.0496719192	0.62492688005
AB	0.2164214119	0.35557237929999996	0.193198	0.1216095555	1.4087568992
AB	0.07070798875	0.0547309329	0.074621	0.0151339554	0.2723304328
AB	0.12097009315	0.0865966863	0.160106	0.0412095	3.92531087015
AB	0.25420422785	0.3518354069	0.42087	0.1266449512	1.54175224475
BC	0.2613475	0.1574878247	0.1574878247	0.041735	0.5329388119
AC	0.08707365	0.1876207	0.0962049	0.0878131	0.54967085425
AB	0.1639152633	0.1809680148	0.125388	0.0359354882	1.6654054130499998
AB	0.13534976815	0.18932191590000003	0.133227	0.0451513796	1.29970226765
AB	0.2513852555	0.40587179139999996	0.249941	0.1946802804	1.36567647655
AB	0.18875871090000002	0.1872366955	0.184676	0.0400952737	1.3046097651
AB	0.1427027837	0.1603655913	0.217019	0.0378480239	0.91705681245
AB	0.1274740238	0.2943367476	0.122642	0.126339	0.59086414435
AC	0.149212	0.19122167439999999	0.18584	0.0299226744	1.08182989655
AB	0.1253799692	0.1773568547	0.147923	0.0411969163	0.8019976308
AB	0.1184066195	0.12296779229999999	0.400199	0.0221455533	1.60418656425
AB	0.09388410815	0.1167511953	0.154228	0.009148579	0.38953377325000005
AB	0.14622224355000002	0.1946597871	0.196692	0.0521933	0.483851907
AC	0.25451650000000003	0.1945457	0.149131	0.0498787	0.7802804101499999
AC	0.07832465	0.0670643463	0.0345352	0.0097975463	0.1819154811
AB	0.15258003465	0.1716148245	0.159127	0.0254267552	0.82886072945
AB	0.12048071545	0.1386871572	0.167863	0.0260417263	2.26573699655
AC	0.22249566534999998	0.2838436397	0.180271	0.044608309	0.5916014233
AB	0.14012787585	0.1881574799	0.168104	0.0340817282	1.3551932311000001
AB	0.1779570057	0.2140798302	0.262739	0.0285258188	1.01349432885
AC	0.3016542141	0.5610714282	0.26009	0.256724	1.0116923403
AB	0.1833243919	0.2255494838	0.196792	0.0727997	2.1901717881
AB	0.1441571258	0.16871445000000002	0.117063	0.0402741984	1.2964010080000001
AC	0.19762950975	0.1743461727	0.176356	0.0435631532	0.4044310464
AB	0.1138206375	0.1316254093	0.139482	0.0259211343	0.54100570915
AB	0.1312220844	0.168568805	0.139895	0.0361916362	0.8473449023999999
AC	0.1092905	0.2006694	0.119816	0.0944094	0.3842611613
AB	0.13674959949999999	0.20355661889999999	0.153397	0.0616694199	0.70056495365
AB	0.1489117419	0.19224751850000002	0.246341	0.0421240347	0.80319447145
AC	0.1629712736	0.20627904719999998	0.305352	0.0418835	0.9449243385
AB	0.1780569535	0.11792972570000002	0.178022	0.0341438187	0.8108081972
AB	0.16479270205000002	0.1708503041	0.190366	0.0597229	3.1271478327500004
AB	0.13799998289999998	0.13896686619999998	0.131521	0.0516069004	0.99947955315
AB	0.14621296955000002	0.1841992159	0.267663	0.0300652768	0.69759348
AB	0.14000175805	0.1795325626	0.174488	0.0560600465	1.11368633435
AB	0.1986617618	0.2667139122	0.233681	0.0561183886	2.12254172315
AB	0.14883560985	0.1604807652	0.164348	0.0075595455	1.3770752866
AB	0.13912162255	0.1708934576	0.174219	0.0498082125	1.5147477899
AB	0.10116611795	0.130299107	0.0905302	0.0280898711	1.17842625435
AB	0.27069731885	0.3690616377	0.130335	0.132568	0.6420899777
AB	0.3109503161	0.1072654907	0.112761	0.0418418585	0.57981222965
AB	0.186312475	0.21161405770000002	0.327383	0.0655671077	0.81167111525
AB	0.0941900397	0.2469535794	0.1076816375	0.148261	0.74061875005
AC	0.22910683464999998	0.2534922548	0.122301	0.0245705855	1.0969019305
AB	0.230122	0.2546213995	0.325984	0.0321033995	1.0542196118
AC	0.1707558967	0.1287164817	0.10673	0.0218276883	4.99724549045
AB	0.1412417761	0.1569150376	0.199791	0.0476134854	1.89692917545
AB	0.22140963205	0.3017279641	0.219646	0.0925507	1.34044168805
AB	0.15105024645	0.2274084423	0.132952	0.0701279494	0.79589335095
AB	0.34034907735	0.3845862205	0.322152	0.0912160658	2.1440870851
AB	0.13377050000000001	0.18580179089999999	0.201116	0.0470127909	0.96711039725
AB	0.1093904915	0.145930984	0.150127	0.024475901	0.5817481147
AB	0.10546376930000001	0.11336087210000001	0.111425	0.0221333335	0.5368374554
AB	0.14358516355	0.20092535820000001	0.184161	0.0432570311	0.89101174995
AB	0.1889029526	0.16553474540000002	0.173616	0.0398468402	0.93793365415
AC	0.1047101237	0.09598235129999999	0.114062	0.0120741039	1.2783402704
AB	0.15482615519999998	0.1956071463	0.161253	0.0580678359	0.77534560655
AB	0.22878621825	0.2660205356	0.256635	0.0674800991	0.9361550482
AB	0.13383211305	0.17833551150000002	0.140665	0.0273782854	0.7380358366
AB	0.1955286349	0.23291276979999997	0.216903	0.0779525	0.73633009485
AB	0.16777489675	0.22568008709999998	0.215436	0.0516902936	1.2967080230999999
AB	0.08928017604999999	0.08842829690000001	0.110412	0.0180299448	0.5443956625
AC	0.0985242301	0.10945346710000001	0.127641	0.0188870069	0.3930848805
AB	0.183699274	0.12023986319999999	0.115901	0.0558323152	2.00246581375
AB	0.23119471135	0.3897805781	0.171578	0.1550831554	2.26500181555
AB	0.17632397455	0.1828718296	0.153871	0.0267848805	1.3706214838000002
AB	0.1150107642	0.1474702934	0.140371	0.031025765	0.6078462791000001
AB	0.09206489005	0.1311417447	0.17009	0.0276677646	0.55664899555
AB	0.1057604466	0.1920426932	0.0616975	0.0941018	0.60914798895
AB	0.16137696480000002	0.1938982144	0.234095	0.0634812848	1.1223311248499999
AB	0.16534069285000003	0.25842535450000004	0.266527	0.0846999688	2.0483923463
AC	0.184776	0.2232999	0.124307	0.0180579	0.36004843685000004
BC	0.202542	0.204646	0.204646	0.0144358088	1.57045209895
AB	0.12758164805	0.1689946023	0.185767	0.0458593062	1.2529816295499998
AB	0.12305143925	0.1402833208	0.15663	0.0229064423	1.1423071023
AB	0.12858090174999998	0.18184486849999998	0.153592	0.053888065	1.6542157401000002
AB	0.10876574250000001	0.1469319354	0.148071	0.0320234504	0.83664113145
AB	0.05946264445	0.0834019052	0.089033	0.0301656163	0.5484984729
AB	0.15234802014999999	0.1441600866	0.158851	0.0276440463	0.7394132289
AB	0.30264289865	0.3422839011	0.333704	0.0727941038	1.0044508043
AC	0.2103685	0.31312	0.315142	0.107403	0.78631735225
AB	0.2546934281	0.37324348799999996	0.251981	0.0589176318	1.6221775609
AB	0.23976854765	0.23274263820000002	0.25773	0.0464055429	1.0556470594
AB	0.1599495803	0.1701007809	0.211647	0.0484656203	0.8339051491
AC	0.1351432421	0.20923148419999998	0.13149	0.073258	3.33197695345
AB	0.1352909356	0.1316090799	0.121696	0.0373962087	1.12369114355
AB	0.04078183745	0.0514000649	0.0449825	0.01147419	0.34320873725
AB	0.13615593055	0.15411427020000001	0.117782	0.0476934091	0.45025236115
AB	0.16467117520000002	0.2296276698	0.496191	0.0697813194	1.4636021666499999
AB	0.17474926899999998	0.2123274125	0.248913	0.0405598745	1.0379066277
AB	0.14760109124999998	0.19715576099999998	0.198773	0.0648345785	5.2306487886
AB	0.16403243745	0.1726497749	0.231028	0.0696629	0.54090499665
AB	0.12482151229999999	0.182304853	0.150706	0.0443038284	0.7240538637
AB	0.10903607544999999	0.1730203253	0.164236	0.0612601744	1.0097500335
AB	0.15917097745	0.1756223391	0.145379	0.0606113842	0.90217573605
AB	0.1536608985	0.2404616389	0.221102	0.0774868419	1.63881948515
AB	0.1892391648	0.2436546119	0.185119	0.0543012823	1.01498994535
AB	0.13751118135	0.15011216370000002	0.216587	0.044330801	0.91211514375
AB	0.15813788175	0.17387779320000002	0.178259	0.0518700297	1.2904774254
AB	0.16298341195	0.1550117741	0.116133	0.0453009502	0.8281605789500001
AB	0.08445804875	0.10670026290000001	0.139627	0.0256717654	0.5995964668
AB	0.27859517055	0.1983171086	0.206203	0.0514727675	1.4996404761
AB	0.16166217994999998	0.1841155598	0.146755	0.0333581999	0.8207003384
AB	0.17553391285	0.1822467518	0.164438	0.0398399261	1.4109953909000001
AB	0.08767405	0.11191832460000001	0.108168	0.0176441246	0.65149460785
AB	0.108342061	0.1593469374	0.129613	0.0518908154	1.1852491384
AB	0.21936221305	0.1626467292	0.177874	0.0423223031	0.9420454039
AB	0.1279620891	0.1783117446	0.165561	0.0553775664	0.9687573089
AC	0.1813575	0.2654603	0.133225	0.0709813	1.0253910021500001
BC	0.06329075	0.058036	0.058036	0.0083940341	0.38141772975
AB	0.1184044083	0.1295210488	0.137809	0.0304762322	0.85908111415
AB	0.1148032118	0.1393546646	0.114692	0.026658241	0.90924686895
AB	0.12389035429999999	0.11024331359999999	0.128451	0.012428605	0.7166287649
AB	0.12419004875	0.1690830353	0.320843	0.0344179378	1.00612885715
AB	0.17833728734999998	0.1829153718	0.307741	0.0391107971	1.8169961665
AB	0.0296766	0.06293850000000001	0.0474419	0.0166503	0.47981309335
AB	0.1543785553	0.179268714	0.222613	0.0297506034	1.3388769541
AB	0.1311476573	0.1320821844	0.131383	0.0309088698	1.03173226055
AC	0.12306617605	0.1332621319	0.271301	0.0199057798	0.95546185085
AB	0.1561851887	0.1944859774	0.133724	0.0538816	0.9144723972000001
AB	0.06197739275	0.0845598226	0.0826966	0.0381430371	0.5408895215
AB	0.11265302365	0.1416577795	0.149399	0.0376647322	0.7652880450999999
AC	0.06586960465	0.0810761093	0.0380903	0.0187373	0.23559563085000002
AC	0.10248451025000001	0.114006103	0.121894	0.0408450825	1.2514016221
AB	0.10349791280000001	0.1053372459	0.118581	0.0173774203	1.6794251401
AB	0.1062289518	0.1597032607	0.150049	0.0576363571	1.0802914251
AB	0.1201845557	0.18506311139999998	0.190141	0.064342	1.4763958185500001
AB	0.0878800333	0.127187774	0.12159	0.0621917074	0.8628175123999999
AB	0.10196141620000002	0.1830222944	0.118582	0.048469662	0.63998008475
AB	0.16140866180000002	0.1640109329	0.197714	0.0405856093	2.5648237621
AB	0.15068175125	0.1980545025	0.215049	0.062164	1.6187443017
AB	0.1323005227	0.16677487700000002	0.135096	0.0276468316	3.17678460735
AB	0.12050199635	0.15004838380000002	0.129247	0.0442563911	0.5543780879
AB	0.1312456889	0.1219443596	0.195204	0.0245899818	1.9537267524
AC	0.15636699999999998	0.19500969159999998	0.290514	0.0238686916	0.4528284976
AB	0.2016880097	0.19071113229999997	0.192073	0.0443211129	0.61215884955
AB	0.1203235411	0.1336126304	0.16158	0.0183325482	0.8959112656
AB	0.123202965	0.17567433	0.127818	0.0741384	0.8536650067
AB	0.13432286545	0.17423897559999998	0.162432	0.0378052447	0.8711438083
AB	0.1305316184	0.1295439573	0.113189	0.0446857205	1.1349016593499999
AC	0.1444115	1.1668589999999999	5.50416	1.0205	0.59847961815
AB	0.16531992155	0.1827538542	0.207724	0.0292000111	0.8557524779
AB	0.19448884475	0.2919607699	0.177069	0.1099950804	0.8940019294499999
BC	0.13231835	0.0776973608	0.0776973608	0.0282485	0.4296386473
AB	0.13268683595	0.1610932971	0.180882	0.0252736252	1.4818406306
AB	0.3094899927	0.3831998003	0.163666	0.0653748149	0.7673651312
AB	0.1777736346	0.29461876260000003	0.194681	0.0548384934	0.7034653446
AB	0.2836040951	0.1498548668	0.251471	0.0547136766	0.8717160693
AC	0.1157803651	0.12824396	0.12914	0.0230632298	2.00057309125
AB	0.2256483708	0.2269692325	0.444468	0.0484044909	0.95951926675
AC	0.1700225222	0.2057928957	0.314168	0.0392258513	0.931234153
AB	0.12237554635	0.127105953	0.113242	0.0376038603	1.0827117966
AB	0.1193332582	0.13621639530000001	0.129578	0.0280168789	0.8526079464499999
AB	0.1709441535	0.20309610700000003	0.311629	0.0710978	0.9275452929
AB	0.1438586569	0.1566217406	0.159225	0.0578844268	1.9607043427
AB	0.0681266085	0.0919529431	0.125712	0.0163858261	0.29303857505
AB	0.09035513340000001	0.1005881504	0.10805	0.0275748836	0.66125398145
AB	0.053701200000000004	0.11027329999999999	0.10989	0.0388276	0.5767170894
AC	0.1525852151	0.20589583020000002	0.206615	0.0496994	0.6716097555
AC	0.05468813315	0.057351783200000006	0.0431189	0.0154189169	0.55372440685
AC	0.1502175	0.27136099999999996	0.178956	0.108739	1.4530295844
AB	0.1298725137	0.1641039167	0.169555	0.0320788893	1.3156864121999998
AB	0.1719541291	0.12374456689999999	0.126795	0.0209563087	0.8870836639999999
AB	0.1345034209	0.1560116312	0.287276	0.0338527894	0.9671037586500001
AB	0.11456390294999999	0.1461403846	0.175207	0.0297415787	1.1550098990000002
AB	0.12649538675	0.1477766735	0.186721	0.0585979	1.3945637038999998
AC	0.1322718	0.2888256	0.138286	0.0839836	0.4672040158
AB	0.1491895255	0.1827670735	0.191115	0.0439480225	3.42513343135
AC	0.133402107	0.210284914	0.118559	0.0660067	0.68836090235
AC	0.1533845	0.2474186	0.187768	0.0519226	0.41284335575
AB	0.37649588245	0.4930087649	0.228756	0.24722	4.374717742950001
AB	0.07414474125	0.0926366279	0.124446	0.0211714454	0.9679385875000001
AC	0.45366806205	0.4640625292	0.4033	0.0670854051	1.1388480859999999
AB	0.1442063693	0.1909583394	0.348285	0.0559046008	1.7523083986999999
AC	0.1568364	0.338631	0.11301	0.109366	2.0228797292
AB	0.14053954135	0.1648063528	0.13576	0.0318612701	0.8538286899499999
AC	0.0959521	0.1666456	0.105427	0.0498996	0.3525598163
AC	0.12257414999999999	0.2181763	0.151626	0.0657123	1.0230330306
AB	0.12302883055	0.1243624495	0.193817	0.0326657884	1.3937126363499999
AB	0.21178236155	0.26945552489999997	0.15002	0.0198708018	0.4433389366
AC	0.19635686204999997	0.1906164884	0.286767	0.0485987643	1.10041492005
AB	0.1052910037	0.1187409074	0.136739	0.0304739	1.5901019657
AB	0.1877050881	0.2589028786	0.131758	0.0283387024	1.0732550460499999
AB	0.07401946179999999	0.0943252913	0.0741416	0.0230410677	0.38335768835
AB	0.11518066739999999	0.1296728675	0.167419	0.0371245327	1.00194108805
AB	0.1640636359	0.1754607681	0.129745	0.0233474963	2.8357501255
AB	0.1242166824	0.1440114569	0.161909	0.0413110921	1.8567854481
AB	0.13054841379999998	0.15010452759999998	0.136278	0.0411387	0.49745119455000003
AB	0.1960233967	0.1398813483	0.149769	0.0739645549	2.25596360145
BC	0.1475941	0.1141555721	0.1141555721	0.0328977	0.6640288555
AB	0.16619672024999999	0.2013487237	0.208453	0.0238112832	1.0516714611
AB	0.1479953523	0.109091715	0.128096	0.0269500104	1.2398489687
AC	0.20233842715	0.1970967303	0.362198	0.013964876	1.0409675114499999
AB	0.09525322165	0.1400112201	0.128215	0.0350104768	0.6845590928
AB	0.10232511315000001	0.1372153814	0.137816	0.0293822551	1.80673404785
AC	0.1432241031	0.1817817026	0.155079	0.0364204964	1.5200277794000001
AB	0.20162211705	0.2367488424	0.352996	0.0811156083	1.05770302225
AC	0.16055	0.2632525	0.259302	0.0795035	0.78929573995
AB	0.070941463	0.125993626	0.122449	0.0575611	0.5928725327
AC	0.164913	0.2299514424	0.210142	0.0336454424	2.2469812219499996
AB	0.3913034984	0.203411606	0.253437	0.0425946092	1.2997552153
AC	0.14707147715	0.21357975429999998	0.151063	0.0347948	1.2249501170000001
AB	0.24119233750000002	0.2863594009	0.301844	0.0820417259	1.4713246896
AB	0.3631397563	0.664266598	0.172991	0.0759910854	1.1706911657
BC	0.1414995	0.0808270497	0.0808270497	0.0471719283	1.06647179475
AC	0.1891872336	0.2038766672	0.248012	0.0575012	1.35354747665
AB	0.1450088814	0.16677887019999998	0.135597	0.0599281074	1.1930930877500001
AB	0.1860181296	0.2929718601	0.119913	0.0771126009	1.5427867882000001
AB	0.18888035	0.443421	0.116516	0.132318	0.7900691363
AC	0.10368921735	0.13626679549999998	0.154997	0.0157710608	0.53407482275
AB	0.10048636189999999	0.1414401068	0.137947	0.037936183	0.7324675423
AB	0.111478063	0.1808461585	0.171896	0.0457832325	1.3809115406
AC	0.0788689055	0.0847018765	0.07452	0.0237470655	0.46106129725
AB	0.0993686945	0.144046189	0.100641	0.0505008	0.73532678165
AB	0.2095635381	0.3510769064	0.200021	0.0911408302	2.17465690895
AB	0.10034132955	0.1587014591	0.0904824	0.0588448	0.7496482637
AB	0.17451815464999998	0.1979410874	0.215992	0.0405567781	0.70036248015
AB	0.2139975956	0.1246019693	0.186612	0.0399437781	0.79134761785
AB	0.14090178435	0.1377728604	0.156476	0.0349282917	0.8916147772999999
AC	0.12502422265	0.1986692453	0.12879	0.0560338	0.25210426875
AC	0.06084395	0.0913651815	0.0545294	0.0177374815	2.4490559804
AB	0.07789456785	0.1149275088	0.12698	0.0355157731	2.08758690035
AB	0.08755943934999999	0.11601471199999999	0.140928	0.0428568333	3.75821309015
AB	0.12296450010000001	0.1947609623	0.209716	0.0779719621	2.139126448
AB	0.1476411131	0.1801999898	0.108297	0.0484727636	0.8121991518
AB	0.15497858415000001	0.174465394	0.172912	0.0536312257	0.9055609825500001
AB	0.14767082055	0.1596212286	0.142845	0.0151655875	0.79237711535
AB	0.16319389805	0.1823697049	0.178276	0.0393599088	1.16888525475
AC	0.11853645	0.19535095940000002	0.210399	0.0489999594	0.87322233025
AB	0.12692095285	0.1236690498	0.150418	0.0243421441	0.9186027849
AB	0.20412720369999998	0.2112093545	0.178573	0.0406809471	0.9125922189
AC	0.139198	0.20834909999999998	0.182842	0.0579671	1.329434963
AB	0.11722433905	0.1074641465	0.280037	0.0322064684	0.64348147245
AB	0.1473900348	0.22282489290000002	0.194194	0.0653018233	0.69142017785
AC	0.1120555414	0.11158297519999999	0.098115	0.0280478924	0.5310345311
AB	0.20875725945	0.2059934724	0.156914	0.0357289535	1.23737496165
AB	0.19177304625	0.1783131558	0.180477	0.0472720633	0.9886755403
AB	0.092068661	0.09509114789999999	0.0931151	0.0164128259	0.3882374491
AB	0.07726841025	0.1409662954	0.156581	0.0504048749	1.44886241805
AB	0.19035389419999998	0.19479805879999998	0.216606	0.0511942704	1.19710631925
AB	0.10643103685	0.21289287369999998	0.101629	0.0836044	0.7686820499
AC	0.1498735	0.2345649	0.223001	0.0563399	0.7333613901
AB	0.13287919945	0.1817728164	0.218054	0.0356454175	1.1481907245
AB	0.2275725744	0.2859559692	0.190378	0.0909378204	2.0506217701
AB	0.06315323615	0.093632348	0.162938	0.0246882757	0.83911894185
AB	0.15036343955	0.1781513791	0.0952872	0.0386245	2.06592051155
AB	0.1354026357	0.14573487559999998	0.145864	0.0291656042	1.1980743502
AB	0.219939	0.1477605643	0.134084	0.0263875643	1.7528763756
AB	0.15030836549999999	0.200735487	0.155135	0.019105756	4.1871803687
AB	0.08002397875	0.1008094575	0.0572738	0.0497535	0.47007694339999995
AB	0.0840598406	0.1073329907	0.143172	0.0300413095	2.3172746397
AB	0.10397281095	0.1421296464	0.139122	0.0455720245	3.868581619
AB	0.14125865585	0.2730315692	0.132462	0.1009762575	1.1851969307499999
AB	0.13055192765	0.1971688553	0.108004	0.07899	1.69731188335
AB	0.1605596788	0.1634785452	0.186996	0.0344771876	1.6625406434499999
AC	0.1289062	0.1990652	0.117906	0.0388822	0.56467864325
AC	0.16666952029999998	0.2255736406	0.404582	0.0503696	2.38320794445
AB	0.15861219729999998	0.1903000216	0.154796	0.028201627	1.36969387985
AB	0.1318436524	0.1603954945	0.176999	0.0392411897	1.5488751961
AB	0.14962438105	0.168278276	0.180284	0.0502565139	1.1892154629
AB	0.11814922695	0.1167714914	0.166896	0.0233860375	0.8383772142999999
AB	0.13729167609999998	0.1394870983	0.129742	0.0409947461	0.58706888925
AB	0.1339842332	0.2102286909	0.18353	0.0374888245	0.7422675877
AB	0.1874043913	0.15302685159999999	0.178195	0.036954069	1.16363751555
AB	0.16635721145000001	0.2008039229	0.162514	0.0976715	0.9152973275499999
AB	0.11730433495	0.1495020699	0.120211	0.0384184	1.1525196203
AC	0.19913799999999998	0.2673206	0.435423	0.0503436	3.31564673355
AB	0.15890312495	0.1666989797	0.17879	0.0417197298	0.8342323504
AB	0.10685368055	0.1388791301	0.151131	0.044436769	0.5817622294
AC	0.14294099999999998	0.23234	0.129864	0.06602	1.9785497636000002
AB	0.0226391243	0.033323871000000005	0.0651497	0.0169897224	0.8400382466
AB	0.10690992955	0.1207045125	0.131264	0.0349976534	1.6760219893000001
AB	0.0876541082	0.1262778771	0.157852	0.0436301607	0.68457055135
AC	0.1307335	0.1772713659	0.170616	0.0168723659	0.68758748215
AB	0.30547000175	0.1724973104	0.179055	0.0575213069	0.8470991045999999
AB	0.1742624241	0.1952153482	0.156455	0.0711545	1.89981955075
AB	0.1174632871	0.15471100799999998	0.131856	0.0575164338	1.00918480745
AB	0.2116989962	0.3475409924	0.249397	0.101792	1.5093527861
AB	0.1296821939	0.2224863878	0.177476	0.100501	2.3021891554500002
AC	0.14102249135	0.2595389827	0.194657	0.11616	1.5482002939500001
AB	0.13317793055	0.15265632170000001	0.144538	0.0392374606	0.53236187665
AB	0.16477459075	0.1859441801	0.167008	0.0250019986	0.68652995055
AB	0.47013190029999996	0.6188968006	0.26065	0.136703	0.52886866295
AC	0.1219605	0.1850371	0.195753	0.0451221	0.553801103
AB	0.15494506260000002	0.1952567711	0.155704	0.0336756459	3.61424540075
AB	0.0750044967	0.07409542449999999	0.129684	0.0097340311	0.3274586218
AB	0.09852474694999999	0.1307479627	0.13877	0.0347564688	0.9087690497500001
AB	0.15046741965	0.1420177689	0.142804	0.0270089296	0.6141002518
AB	0.2077773337	0.1615556674	0.224189	0.072456	1.0040039189
AC	0.15277719374999998	0.17779260789999998	0.174323	0.0190862204	0.54146557925
AB	0.10033216535	0.14634728460000002	0.147712	0.0431101539	0.91204335555
AB	0.148826925	0.1780298551	0.12661	0.0354870051	0.8931098561999999
AB	0.0789782894	0.09487974739999999	0.141487	0.0292334686	2.6526905087499997
AC	0.1122245	0.15185959999999998	0.17943	0.0385346	0.62097767075
AC	0.161852	0.1844351279	0.121375	0.0314221279	0.7681543409
AB	0.11507092005	0.133692035	0.177039	0.0604531949	0.7636108326
AB	0.079008463	0.1227552945	0.132453	0.0341639685	2.96147678095
BC	0.164573	0.122255	0.122255	0.0163962027	1.12208597475
AB	0.08963383750000001	0.0778369158	0.108298	0.0154392408	0.83289545075
AB	0.1181877016	0.1595069814	0.170188	0.0356045782	1.2075856371
AB	0.0826162	0.0862668132	0.0866948	0.0143318132	1.23619892345
AC	0.1590645	0.23759270000000002	0.176301	0.0594377	0.9378531531
AC	0.173139	0.23182410000000003	0.250916	0.0735351	0.7372265932000001
AB	0.09679652155	0.1078655765	0.123634	0.0314845334	1.2589947885
AC	0.145369	0.2527296	0.213303	0.0930916	0.97783604975
AB	0.1276376449	0.1420638978	0.116697	0.008396608	0.7614281611
AB	0.15055324045000001	0.2041373753	0.165208	0.0571168944	0.82272324055
AB	0.1207231734	0.117720786	0.183181	0.0214314392	1.6278395841
AB	0.1146150276	0.1540399555	0.124622	0.0469569003	0.7312489282500001
AB	0.1371376065	0.1887984289	0.108518	0.0541262159	0.7794321879999999
AC	0.12938205	0.270972	0.226642	0.108555	1.96544700895
AC	0.1505348	0.3091323	0.104261	0.0726513	0.40180806394999996
AB	0.1288868755	0.1657245266	0.143977	0.0209617756	0.40481181305
AB	0.14603390195	0.20706564530000002	0.189824	0.0682178414	0.8427947974000001
AB	0.1601037737	0.1790343465	0.167117	0.0381037991	1.7046727861
AB	0.36053661275	0.31398346990000003	0.176008	0.0839412444	0.9233699817000001
AB	0.13529195585	0.1474316514	0.160404	0.0281927397	1.8599588006
AC	0.12350649999999999	0.1474542858	0.153734	0.0160992858	0.30978428589999996
AB	0.1493866723	0.2363757057	0.188529	0.0598183611	0.780854738
AB	0.1208195114	0.1650006222	0.14804	0.0486355994	0.55430321995
AC	0.1300354903	0.2189757806	0.158897	0.0994528	0.6177862944
AB	0.1016130519	0.1264058655	0.127212	0.0260147617	0.426603603
AB	0.21860054455	0.2099027679	0.174958	0.0835186788	1.2264414510500001
AB	0.15630178365	0.18139089819999998	0.190048	0.0418803309	1.64088122735
AC	0.16601324065	0.2624477813	0.137929	0.0802903	2.1574624507499998
AB	0.1032245605	0.1260169841	0.174716	0.0138104631	0.6326515102
AB	0.08706731795	0.110405154	0.182085	0.0163621181	0.69846323405
AB	0.13514495375000002	0.1677551657	0.135485	0.0490632582	0.7247322272
AC	0.1567485	0.2813979	0.207024	0.0783269	1.66392339215
AB	0.1511061685	0.1749167794	0.150115	0.0306984424	0.7382685055
AB	0.13022549309999998	0.1519932802	0.144963	0.024133294	1.4942892346999999
AB	0.17903830650000002	0.2157899106	0.234178	0.0532182976	3.6110993074
AB	0.12876115345	0.1409133824	0.376454	0.0268420755	0.78668191985
AB	0.21899585115	0.2815345199	0.159118	0.0570598176	3.76256418605
AB	0.14135210245000002	0.1805673944	0.184168	0.0505161895	2.3638192295000002
AB	0.09272468	0.1217302163	0.18999	0.0286664563	1.7571012955
AB	0.18284006895	0.3214152069	0.161692	0.063127069	0.70202824135
AB	0.1295728535	0.1108793039	0.0943403	0.0226515969	1.25741858145
AB	0.18387726655	0.2294497635	0.150445	0.0447122304	0.78344889055
AB	0.1369651599	0.1493014198	0.140774	0.0248141	1.82496190575
AB	0.16032629915000002	0.1877451433	0.168451	0.026792545	0.9387167561
AC	0.16102973180000002	0.2171658636	0.224809	0.0546374	1.2999506849500002
AB	0.1791913482	0.1078663984	0.155428	0.035573702	0.56413225595
AB	0.06652551265	0.09006685319999999	0.151	0.0276443279	3.0804607738999996
AB	0.1211922206	0.1673760426	0.141189	0.0713586014	0.90230832
AB	0.10122406415	0.1280384094	0.172765	0.0336652811	1.0502893580000001
AB	0.10578910305	0.1664347107	0.120076	0.0685035046	1.0251443909
AB	0.11346454154999999	0.1574193597	0.25894	0.0372652766	0.77461449915
AB	0.1554978994	0.1912713676	0.184605	0.0454145688	1.40590438855
AC	0.087219	0.1907277	0.114232	0.0830957	0.452889181
AB	0.01585186395	0.0187459159	0.0171188	0.005922588	0.4229532432
AB	0.14448062545	0.17498947469999998	0.148216	0.0330062238	1.3317000354
AB	0.15876902055	0.16541384110000001	0.14058	0.0546128	0.54021180155
AC	0.1006450151	0.1130043691	0.150426	0.0179113389	0.5775173632
AC	0.08966942805	0.08727214089999999	0.0855069	0.0121082848	0.7571595132
AC	0.4348527342	0.3748494684	0.263484	0.130845	0.9551354754000001
AB	0.17604841599999999	0.2634663601	0.123042	0.0886785281	0.7304427211
BC	0.16642050000000003	1.16763	1.16763	0.139984	1.6240517125
AB	0.12359026255	0.1712815251	0.133689	0.078571	0.8874442214
AB	0.059773312	0.069847624	0.0730867	0.0253152	1.4531224150500002
AB	0.08627393405	0.12152714009999999	0.158191	0.050938272	1.1023615164
AC	0.09984922915	0.2909522583	0.0284526369	0.168954	1.9122995467
AB	0.2172825867	0.3151603783	0.20837	0.0862942049	1.27273143965
AB	0.23136245065	0.1829713007	0.215529	0.0330123994	0.5641557194
AC	0.56912065905	0.9992961614	0.260145	0.312455	0.93013626755
AC	0.3690228004	0.3586623973	0.109795	0.2508847965	0.872279992
AB	0.07319174149999999	0.1107534815	0.0986734	0.0149311985	0.5342462959
AB	0.1279071015	0.17169197719999998	0.115415	0.0327737742	0.73775010985
AB	0.0790344422	0.08778536919999999	0.114526	0.0212900848	0.92172757265
AB	0.11469436755000001	0.1279635482	0.104031	0.0147968131	0.47976440705
AB	0.1684425426	0.2162472007	0.158855	0.0667441155	0.956605612
AC	0.13136465	0.2246228	0.139853	0.0565728	1.63228962385
AB	0.14528100945	0.1342905446	0.174466	0.0290935257	0.7669134612999999
AB	0.08644318135000001	0.1385123608	0.159187	0.0431568981	0.8462072198499999
AB	0.15955483204999998	0.17355602199999998	0.261857	0.0415603579	1.5481074886
AC	0.07274798615	0.070672184	0.128449	0.0263472117	0.8572252354500001
AC	0.1934482503	0.2671215006	0.212998	0.063391	0.48920045885
AC	0.1660595	0.20119090229999997	0.194277	0.0144259023	1.2206253881
AB	0.1525386522	0.18508356750000002	0.226177	0.0253972631	1.1821192311
AB	0.15691290615	0.1978523171	0.195393	0.0383835048	1.63333631815
AB	0.1029259299	0.10419179540000001	0.131306	0.0156989356	0.8417263729
AB	0.26581368995	0.25159134710000003	0.315958	0.0636799672	1.3014981481
AB	0.16144838305	0.2230303529	0.16158	0.0432595868	0.7709056538500001
AB	0.10699905335	0.1134369455	0.144495	0.0310688388	0.57096078765
AB	0.10622639535	0.1254496907	0.168754	0.0431029	1.5707841637000002
BC	0.156897	0.1383530941	0.1383530941	0.0079799132	1.2217708113499999
AB	0.1521381237	0.24947956579999997	0.104478	0.0774343184	0.4733743492
BC	0.191006	0.20996	0.20996	0.0502111	1.17428841485
AB	0.13892921095	0.2174337537	0.149518	0.0667293318	0.92519976175
AB	0.21720861105	0.1984934529	0.220861	0.0299412308	0.8878148676500001
AB	0.09798334635	0.1546107856	0.172943	0.0583279929	1.1570493231499999
AC	0.14219514615	0.1804881757	0.18896	0.0308018834	1.30273030785
AB	0.18961666500000002	0.18131868310000002	0.361995	0.0262763531	1.3498913481500001
AC	0.4010999401	0.2525471218	0.21671	0.0551902416	1.066092996
AB	0.1112454891	0.1604898495	0.12337	0.0554158713	1.6596903330500001
AC	0.19330481275	0.23221572549999997	0.198479	0.0658941	2.2487266027
AB	0.1673556246	0.1412601707	0.20635	0.0239689215	1.0776822829500001
AC	0.1380371898	0.16235515299999997	0.170757	0.0264777734	2.4796741882999997
AB	0.15085467255	0.25298816690000003	0.285423	0.0837588218	1.34019779255
AC	0.1046548364	0.14551949330000002	0.0907225	0.0093427205	0.56463872785
AB	0.09367425145	0.12311953590000001	0.120145	0.042343033	1.1135896416
AC	0.14421272205000002	0.1016760752	0.18116	0.0130836311	1.85522484335
AB	0.1314368944	0.2022205372	0.181418	0.0745617484	1.2879573636500001
AB	0.14567860225	0.2001280891	0.229544	0.0577248846	1.0409801365
AB	0.18369030715	0.2147096341	0.191153	0.0437140198	1.5544450961499998
AB	0.11900540700000001	0.13152565930000001	0.136809	0.0190648453	0.62508975125
AB	0.148027632	0.1708178031	0.231202	0.0332745391	1.58285727775
AB	0.0605269431	0.0890857836	0.106633	0.0218964974	0.47447684960000003
AB	0.1556810428	0.20786715819999999	0.183869	0.0362790726	4.778395949249999
AB	0.451562	0.5017096966	0.175977	0.0056336966	0.83181499095
AB	0.15464154295	0.1370702155	0.166241	0.0404301296	1.4862863964
AB	0.12230621005	0.1576486662	0.158494	0.0445762461	0.797350275
AB	0.20490544645	0.1095698116	0.163259	0.0283549187	1.3073169862
AB	0.1758498647	0.1974749262	0.213834	0.0387071968	0.60285158825
AB	0.04267377495	0.055690984799999996	0.0719421	0.0164776349	0.30720718955
AB	0.14217190365	0.1970588401	0.142248	0.0482460328	1.108133134
AC	0.185803	0.1724610812	0.18875	0.0107230812	1.56693201395
AB	0.1632339924	0.1861309212	0.198905	0.0427329364	1.44887796715
AB	0.125578096	0.1773182358	0.150717	0.0448570438	0.87583631225
AC	0.1555746	0.2760781	0.219143	0.0561141	0.8419798401
AB	0.07413365115000001	0.10521820940000001	0.10924	0.0235655071	1.44543176635
AB	0.2546776482	0.1649235925	0.141765	0.0292102961	0.80990763315
AB	0.228302625	0.2010932344	0.216011	0.0647759844	0.8228898128
AB	0.16357397865	0.2337819573	0.140193	0.103767	0.9925763013500001
AB	0.10734051665	0.1467070844	0.207663	0.0347450511	3.11297040665
AB	0.1261354011	0.1763210022	0.149332	0.0506222	1.7089609571
AB	0.18049247215	0.2374080232	0.206447	0.0301460789	0.8927134213500001
AB	0.1631150501	0.1432765921	0.142033	0.0421314919	1.1939910786
AB	0.177703142	0.17111814050000002	0.199823	0.0340238565	0.9960721935000001
AB	0.0826019665	0.0877934249	0.125363	0.0283154919	0.5178002169
AB	0.13777044005	0.1985766801	0.132002	0.0901008	1.10159364235
AB	0.0522573117	0.0807397234	0.0532815	0.020284	0.79837920425
AB	0.3377172036	0.23706378420000002	0.308324	0.067881377	2.63757923695
AC	0.08875413525	0.12375507050000001	0.10333	0.0323221	0.3294189985
AB	0.13364150675	0.1930612665	0.139074	0.028093253	0.9353626947
AB	0.0985816152	0.1997310286	0.186457	0.0781403982	1.2090633796
AC	0.4199195	0.309474	0.232962	0.133123	0.8478771182
AC	0.11576274619999999	0.2728454924	0.155182	0.146798	0.7382962229
AB	0.14186648055	0.2565419611	0.131046	0.113325	0.72888901195
AC	0.0700454435	0.079333952	0.0464773	0.025906965	0.50201946845
AB	0.38752253114999996	0.1766956384	0.143603	0.0525325761	0.96555467685
AB	0.11069213220000002	0.1922520644	0.128509	0.0408982	0.5488795567
AC	0.22962100000000002	0.31667599999999996	0.133532	0.109929	0.770431669
AC	0.10113442510000001	0.208423	0.192608	0.103166	1.68980400425
AB	0.11346332275000001	0.1405159065	0.10713	0.028851261	1.1357330813
AB	0.1277270998	0.140840482	0.161767	0.0296212824	1.1665862153
AC	0.12880075675000002	0.1307007208	0.126602	0.0225632073	1.4853819441
AB	0.15206263544999998	0.1908314169	0.251562	0.044483146	1.4343794664999998
AB	0.11075266310000001	0.14787418959999998	0.133989	0.0302968634	1.2393579622000002
AB	0.1736787392	0.1927014784	0.185508	0.101237	0.7860032673499999
AB	0.12966259835	0.1559471975	0.149669	0.0481320008	0.93528216705
AC	0.1434657728	0.1833238456	0.202548	0.0316253	4.61892491195
AB	0.14292340095	0.1423718185	0.149904	0.0545870166	0.8827020302999999
AC	0.1002713765	0.1651084705	0.230305	0.0382572175	0.9807938454999999
AB	0.11510015444999999	0.1263971655	0.12156	0.0264458566	1.4767367697
AB	0.09497161139999999	0.1151433767	0.126811	0.0266471539	0.5219859035000001
AB	0.18008139235	0.1672313358	0.180267	0.0448415511	1.1326527467499998
AB	0.0854422273	0.0977743947	0.10591	0.0309099401	1.92535255355
AB	0.1647916017	0.1614648045	0.123246	0.0436866011	0.7873347757
AB	0.12195907084999999	0.1734357819	0.11672	0.0543586402	0.45386870355
AC	0.16339397890000001	0.2214701226	0.140374	0.0473951648	1.6421701588000002
AC	0.1086861227	0.1621238454	0.101031	0.0464216	0.37756750775
AB	0.1011662463	0.1539662019	0.283652	0.0305534093	0.77019024105
AB	0.0874632978	0.1533707956	0.113824	0.0611662	1.8896150556
AB	0.20530654415	0.2307519883	0.39907	0.0458389	0.9667961105
AB	0.37554474545	0.4731964747	0.579216	0.0666509838	3.4781006966500003
AB	0.09580745245	0.1414018697	0.124378	0.0361684648	1.4946304221500002
AB	0.14212191899999999	0.1270189963	0.163178	0.0166151583	1.17128563085
BC	0.07999425	2.15895	2.15895	0.266034	0.3165290489
AC	0.137822	0.202035	0.168595	0.04662	0.8160648065
AB	0.15939324854999998	0.19181929109999998	0.192129	0.026108794	0.6540355438000001
AB	0.1268850799	0.1753902886	0.184391	0.0376651288	0.93624084275
AB	0.2564091687	0.366998508	0.28867	0.1337971706	5.482617551500001
AB	0.1428641595	0.18919308540000002	0.150038	0.0408777664	0.6589001438
AB	0.0845484121	0.0862909184	0.215631	0.0409070942	0.46107155985000003
AB	0.21026678980000002	0.1887116768	0.292155	0.0205100972	1.0210597554
AB	0.17042946905	0.1815446428	0.290881	0.0662007047	2.2736330577
AB	0.1930172976	0.2370562914	0.151128	0.0458976962	1.12799998665
AB	0.05783462055	0.058820308200000004	0.123358	0.0192316671	1.0859484211
AC	0.143832867	0.1754329607	0.138869	0.0296642267	0.69411628765
AC	0.1313522807	0.20644376139999998	0.197081	0.0736592	1.07480951335
AB	0.08739069655000001	0.08914452390000001	0.108009	0.0200971308	1.3090782556
AB	0.1310472465	0.1791051243	0.17111	0.0381176313	0.7903502446999999
AB	0.1970330551	0.2312750247	0.206681	0.0627789145	0.5727153148999999
AC	0.171604	0.27219	0.160554	0.058153	0.9585058262499999
AB	0.17745555325	0.1772240083	0.191753	0.0364709018	0.55301907295
AB	0.1073926249	0.1435918065	0.124483	0.0313115567	1.60645467345
AB	0.16220410270000002	0.1660474103	0.158768	0.0174002049	0.76152792555
AB	0.1678017779	0.1030564401	0.10825	0.0336028843	0.6399863202
AB	0.1944404578	0.7912219156	1.3420930784	0.646529	0.22314787135
AC	0.17384603804999998	0.1414657256	0.0682744	0.0534296495	1.30135285335
AB	0.14925265840000002	0.2276864073	0.166851	0.0655940905	0.8259934038
AB	0.09619555704999999	0.1550377166	0.112812	0.0319258025	1.2381767995000001
AB	0.11192936775	0.1427548548	0.144134	0.0305681193	1.56840655975
AB	0.12389372475	0.1301737208	0.159882	0.0364542713	0.8549362459000001
AB	0.12779624415000002	0.18230963	0.141545	0.0265766417	0.5952001497999999
AB	0.17079675245	0.1742327855	0.109463	0.0556892806	0.763583399
AB	0.1621496182	0.2245513468	0.24437	0.0782591104	0.7135493729
AB	0.1468560873	0.2199516601	0.191833	0.0499004855	2.38061149805
AB	0.13540894485	0.1747006721	0.136521	0.0263567824	0.5609216207500001
AB	0.11994218670000001	0.1302476015	0.135821	0.0241702281	1.05314899865
AB	0.12330278445	0.1565102958	0.149502	0.0381687269	1.68621758675
AB	0.12947589375	0.1466835864	0.159551	0.0392827989	0.67776816275
AB	0.15168037104999998	0.18454937840000002	0.130152	0.0349066363	2.1483714407
AC	0.15683905325	0.2617493065	0.177965	0.0801492	0.57311833565
AB	0.12218362060000001	0.1804031412	0.141994	0.0710399	0.8333452341500001
AB	0.1705161047	0.2414789422	0.15211	0.0213207328	4.8462981350500005
AB	0.101174442	0.1267759022	0.20143	0.0178431182	1.1134232302
AB	0.1183697578	0.162388312	0.177152	0.0544517964	1.09325356855
AB	0.08153742110000001	0.1375483367	0.0886874	0.0668858945	0.97332932835
AC	0.1720804658	0.1727446399	0.147054	0.0309237083	0.82513954585
AB	0.153199587	0.1649421877	0.165983	0.0386430137	0.78946868635
AC	0.14034990425	0.2054346085	0.213299	0.0523748	0.63644674265
AB	0.09185955255	0.0943253314	0.0916051	0.0094862263	0.5724178388
AB	0.11624397589999999	0.3359209518	0.0548763901	0.218909	2.14651329685
AB	0.2223366391	0.2620435795	0.258692	0.0674713013	0.8718079361000001
AC	0.09603039855	0.241969	0.475131	0.110382	0.78892237825
AB	0.09093418025	0.1055633844	0.13707	0.0248020239	1.8049382233499998
AB	0.0784401927	0.09705958540000001	0.0788335	0.0411752	1.3349060406000002
AB	0.1011311594	0.1666956393	0.112522	0.0580001205	0.7099115539
AB	0.08668790100000001	0.11038146470000001	0.115042	0.0358603627	0.91486782095
AB	0.16353799925	0.1729232435	0.191879	0.034045245	0.7206105111
AC	0.07286524999999999	0.0926291837	0.082535	0.0171908837	0.4059579251
AC	0.21074	0.2593859	0.113972	0.0393219	0.6229069341
AC	0.2883918155	0.246124831	0.393159	0.0511342	0.9842563221
AC	0.17518427265	0.20118772810000002	0.270318	0.0255681828	2.00551925895
AB	0.3271907993	0.5890085986	0.271707	0.107846	1.0884228888
AB	0.1665712963	0.21280334780000001	0.222735	0.0328887552	0.6039962305
AC	0.23319099999999998	0.2319434	0.28989	0.0449504	0.8145707734
AB	0.14393615225	0.1543134889	0.159213	0.0235141844	1.6940494587
AB	0.1423556944	0.1809430381	0.147865	0.0270686493	0.74789735505
AB	0.14460203630000001	0.2141648947	0.157144	0.0668008221	1.3144182467999999
AB	0.1455939858	0.2279004692	0.172572	0.0523034976	1.8791617665
AB	0.0732042092	0.11302809289999999	0.185229	0.0278781745	0.87136731875
AB	0.1246385064	0.1521440372	0.143147	0.0331450244	0.8776794282
AB	0.3187610541	0.4552351082	0.365765	0.146923	0.7271136288
AB	0.11135227754999999	0.13204735509999999	0.114467	0.0350548	1.24942700535
AB	0.13614767155000002	0.18245570190000002	0.176082	0.0537203588	1.09097870085
AB	0.10642518244999999	0.192533933	0.134839	0.0678631681	1.4967807656
AB	0.1210240514	0.1789566438	0.116586	0.039063541	0.8098315279
AB	0.15662013460000002	0.18518786920000002	0.172798	0.0447926	0.9836663371500001
BC	0.10881850000000001	5.83148	5.83148	0.237622	0.7976446229
AB	0.1872750516	0.2489928032	0.221603	0.0811697	1.61129142875
AC	0.11327384195	0.1706392839	0.169768	0.0396628	0.49154491229999997
AB	0.19127212785	0.1532551226	0.236294	0.0211648669	0.8640030346
AB	0.2472222319	0.3122065763	0.202169	0.0548961125	1.3657817909999999
AB	0.13848150535	0.18787358580000002	0.153787	0.0428825751	1.06378363425
AB	0.1565157213	0.1503912938	0.139226	0.0282808512	1.00941701115
AB	0.10390483395	0.1166191518	0.0984169	0.0387814839	0.37679788795
AB	0.3258176664	0.5361539447	0.325059	0.0636086119	0.7596773944499999
BC	0.110913	0.1255643429	0.1255643429	0.059849	0.7841962818999999
AC	0.1136494	0.270556	0.195415	0.115498	0.7198468170000001
AB	0.1187726657	0.1943350314	0.172056	0.0674807	1.2729452033500002
AB	0.21791057975	0.1691440779	0.215106	0.0355489184	0.95124061055
AB	0.1638168712	0.2507147424	0.107057	0.10253	0.7086793078
AB	0.22958272289999998	0.3105730807	0.231771	0.0969606349	2.23669583785
AB	0.04083895	0.0541008665	0.0463711	0.0145791665	1.0940884321
AB	0.07613800705000001	0.1378799518	0.0795556	0.0601129377	0.65432624245
AB	0.1101042894	0.14268204680000002	0.139092	0.031444468	2.7481615020000003
AB	0.1043079099	0.15260440130000003	0.145391	0.0631165815	0.78737529465
AB	0.11348498435000001	0.16919940230000002	0.0932856	0.0623764336	0.8555833599
AB	0.1638666715	0.1651132855	0.252128	0.0602139425	0.77573455955
AB	0.11256436785	0.14334465959999998	0.140974	0.0378629239	1.08446872165
AB	0.1661151341	0.1873407589	0.159097	0.0454304907	0.81603362965
AB	0.173213748	0.1393130532	0.122159	0.0389845572	5.353166121399999
AB	0.0765288342	0.1219490684	0.0822583	0.0439226	0.5533120308
AB	0.24927658355	0.12441532250000001	0.0936481	0.0282771554	0.41135329215
AB	0.1289075139	0.1757468748	0.224317	0.064541847	1.3047483245
AB	0.085884129	0.1100773585	0.125507	0.0309973005	0.6800324067
AB	0.15704410855	0.1856466868	0.237646	0.0470614697	0.8767659060499999
AB	0.12079740265	0.1370691121	0.131234	0.0352403068	1.8429331569
AB	0.176133908	0.2192561536	0.152198	0.0639973376	0.9148146387
AB	0.25117952364999996	0.29719421409999996	0.307741	0.0371751668	1.0588699141
AB	0.0941318204	0.0815101573	0.206465	0.0100025165	0.29615487015
AB	0.1106461766	0.1250606532	0.258336	0.0413773	0.93509907925
AC	0.1459145	0.2012328	0.0840799	0.0449808	0.5481903741
AB	0.19479051305	0.208741397	0.255901	0.0424943709	0.89404081195
AB	0.1569396844	0.1640245656	0.156009	0.0436721968	0.5760001636
AC	0.18381150000000002	0.22018200000000002	0.165171	0.040219	0.68060921705
AC	0.10751985	0.1892794	0.17185	0.0549844	2.28193859975
AB	0.1562516391	0.22485232189999999	0.161134	0.0736900437	1.00594789995
AB	0.14449458765	0.1845685711	0.155517	0.0616193958	1.1768028524
AB	0.04746549335	0.0546032778	0.0818135	0.0123385911	0.6643021038000001
AB	0.17267101094999998	0.2355754323	0.197074	0.0505394104	0.7512545745500001
AB	0.22285773375	0.3092564675	0.0	0.177517	0.99049977625
AB	0.11929162025000001	0.1706585604	0.176698	0.0483583199	0.4887196581
AC	0.19372650000000002	0.2331154322	0.257698	0.0439134322	0.60826541775
AB	0.09514721400000001	0.1185527905	0.146991	0.0299983625	0.63401982225
AB	0.1065965598	0.0899239128	0.108373	0.0103957932	0.58837489525
AB	0.11176657165000001	0.2630353433	0.173151	0.134551	1.0911610276
BC	0.223353	0.1236283756	0.1236283756	0.0610894	1.1601022226
AB	0.1338684784	0.1508853397	0.126241	0.0434273829	0.8210889746
AC	0.142873	0.2086639	0.197997	0.0511099	0.87415272885
AB	0.08865041825	0.06853305	0.123431	0.0191892135	0.7858254783999999
AB	0.15841747	0.16541495490000002	0.129083	0.0439520149	1.69827198185
AB	0.0846417945	0.08690614819999999	0.106086	0.0118287592	0.83746032415
AB	0.1750108692	0.2503596204	0.255698	0.070995882	0.7941868709
AB	0.10660152710000001	0.15876255420000002	0.0599232	0.0737295	0.5033126958
AB	0.14919195015	0.1600811402	0.12521	0.0231432399	1.70051782655
AB	0.1912299791	0.15597067209999999	0.258612	0.0473717139	0.5816341275
AB	0.24838966175	0.3717375719	0.176092	0.1152552484	1.14839383795
AB	0.13331977585	0.1458532364	0.159445	0.0220766847	2.3825121006
AB	0.2370604658	0.242849979	0.314458	0.0310260474	1.04227559695
AC	0.10298689999999999	0.11541184130000001	0.119565	0.0246360413	0.6032071741
AB	0.20764060950000002	0.1965252616	0.456299	0.0422420426	1.16453315325
AB	0.142087699	0.129435798	0.197759	0.0521894	1.6774034054
AB	0.1604949181	0.18703809500000002	0.170093	0.0434052588	3.09082157715
AB	0.0868994275	0.165794755	0.128983	0.0587156	0.6686223892500001
AB	0.055034867599999995	0.0727323352	0.0599064	0.0247205	0.37597206065
AB	0.10859727905	0.1075349428	0.331991	0.0258013847	0.75965265525
AB	0.05631645	0.0723025209	0.0709556	0.0091540209	0.37886844199999997
AB	0.1370092154	0.1159793308	0.0886161	0.0403089	0.8577698762
AC	0.21468894054999998	0.2306107383	0.202921	0.0280478572	0.6463191509
AB	0.18212810725	0.2152562813	0.224828	0.0681810668	1.21176975705
AB	0.0596273943	0.0702680477	0.137344	0.0258251591	0.9720000954
AC	0.1355763706	0.1844132534	0.15822	0.0408835122	1.0920339814
BC	0.4254645	0.0546813431	0.0546813431	0.1974588796	1.5182230312
AB	0.1616797801	0.2155033602	0.173681	0.0820138	0.8385895387
AB	0.2259454045	0.29156313349999996	0.201604	0.1139673245	1.05805775865
AB	0.14031231395	0.1865328404	0.150466	0.0361892125	0.69719318865
AB	0.14598890525000002	0.2747976446	0.222583	0.1102688341	0.9862975141500001
AB	0.1467475489	0.2226733493	0.146295	0.0761222515	1.70466125785
AB	0.11789891095	0.15394476540000002	0.156817	0.0439299435	2.00154665545
AB	0.3329280051	0.4674518997	0.197721	0.0297908895	1.2327826757000002
AB	0.10436177135	0.1748764456	0.119395	0.0580129029	1.10148402045
AB	0.11188578860000001	0.153937183	0.149168	0.0355756058	0.42974799929999996
AB	0.1455489774	0.3043779548	0.1815039295	0.16736	0.99382168305
AB	0.18947697505	0.19588578839999998	0.172453	0.0463388383	1.27682627645
AB	0.3961277649	0.24672268760000002	1.08994	0.0486461578	1.6850737004999998
AC	0.257383391	0.14401851059999998	0.135828	0.0279517286	1.36713115025
AB	0.08356755360000001	0.09186970520000001	0.0740468	0.028076598	1.13381459125
AB	0.126744363	0.143955747	0.160727	0.024230021	0.9540946157999999
AB	0.14481976024999998	0.1894183404	0.133986	0.0328738199	2.9785814092
BC	0.297358	0.132258	0.132258	0.0229141117	0.45481514074999996
AC	0.17145720235	0.2139778047	0.060478	0.0972314	0.5268070851
AB	0.142031875	0.1885465188	0.191237	0.0348687688	1.1386008680500002
AB	0.11635301115	0.16713605410000001	0.135855	0.0383130318	0.901580485
BC	0.1946755	1.59727	1.59727	0.801598	0.65713736665
AB	0.12241502765	0.14407697919999998	0.148606	0.0134459239	0.8079907691
AB	0.1191021806	0.1393300089	0.122911	0.0244076477	1.068366637
AB	0.21017063284999998	0.3263020026	0.244266	0.0452147369	1.2812738728500002
BC	0.0888448	7.45209	7.45209	0.0725401	0.84240323565
AB	0.1410718785	0.1596204827	0.193919	0.0521357257	0.9265053462999999
AC	0.1416171757	0.24517555139999997	0.222104	0.0806532	0.76260901335
AB	0.22198762144999998	0.1559329777	0.207426	0.0415567348	3.3102134775
AB	0.16745876945	0.23021795280000001	0.201813	0.0490884139	2.8721870391
AC	0.25300581755	0.3394584922	0.177367	0.0304468571	1.4299943987500001
AB	0.1305558732	0.1465072824	0.123652	0.030311536	0.9445077785
AC	0.12634394300000001	0.15169405970000002	0.112309	0.0121451737	0.51243476035
AC	0.24162689799999998	0.281296796	0.243518	0.113871	0.7256637613
AC	0.120306	0.1408859908	0.163055	0.0157669908	0.6394824613500001
AC	0.13247999905000002	0.1524893981	0.278085	0.0273334	0.4127431588
AB	0.1261479215	0.1882813447	0.178045	0.0671015017	1.1957274962
BC	0.17854365	0.0517879784	0.0517879784	0.0719703	0.5630028909
AC	0.11467656195	0.1550696239	0.126725	0.0691085	1.17992680945
AB	0.2236355	0.7523150000000001	2.13368	0.548108	0.53642677245
AB	0.10805485214999999	0.1461519523	0.125441	0.027307548	0.47761484235
AC	0.17236	0.2033544186	0.144046	0.0181664186	1.3589531562000001
AB	0.30050633575	0.2230774815	0.160948	0.09566281	0.87370784135
AB	0.0987369199	0.1491849398	0.151133	0.0269452	0.93706667185
AB	0.08829415815	0.0875261643	0.110251	0.023591848	0.590292435
AC	0.1156936734	0.1135464742	0.0871221	0.0127691274	1.0168516319
AB	0.10211563574999999	0.1539633757	0.0982558	0.0472236042	0.86579827075
AB	0.1318976932	0.6095263864	2.29224	0.509979	0.406940261
AC	0.1332544283	0.1641099302	0.245903	0.0266610736	1.28573662895
AB	0.11884463315	0.13783322	0.142811	0.0282009537	1.21291224395
AB	0.0868936038	0.0938214044	0.0870508	0.0141762968	0.43655166795
AB	0.0694405769	0.11412115379999999	0.0827713	0.0361072	0.9293650500499999
AB	0.1814652751	0.2010486502	0.142661	0.0448821	0.8970466279
AC	0.1202829901	0.1841556802	0.100657	0.0601777	0.83945191945
AB	0.13897940865	0.1642047841	0.131578	0.0226039668	0.6284244746000001
AB	0.1459511739	0.1498205649	0.144835	0.0292492171	1.0115161246
AB	0.20329514675000002	0.1343869729	0.0565243	0.0492546794	0.49574432445
BC	0.2057265	0.273911	0.273911	0.0245868242	1.3061411300999999
AC	0.18203799999999998	0.278437965	0.19764	0.033138965	1.17843945385
AB	0.2813261935	0.3100425753	0.195435	0.0707051883	0.71242326575
AB	0.1748383258	0.19215261079999998	0.184893	0.0464399592	1.18341149345
AB	0.33131070315	0.2039879478	0.266941	0.0524915415	4.71151988285
AB	0.35489625915	0.4650747285	0.494615	0.1080582102	4.86694118045
AC	0.0770058695	0.07463688980000001	0.10625	0.0097740508	0.94997365805
AB	0.1542252189	0.3693185378	0.165737	0.138483	1.2517526189000001
AB	0.22180787954999998	0.3565547591	0.153858	0.152879	0.9481444337
AB	0.10916172025000001	0.09412030390000001	0.190325	0.0317498634	0.8285403854
AC	0.1127894127	0.23602892539999998	0.172041	0.0665864	0.6001079873999999
AB	0.1017925093	0.1396480327	0.150207	0.0564150141	0.71497616645
AB	0.1480008423	0.1895623202	0.201651	0.0366726356	1.84449011975
AB	0.1977470057	0.2011601267	0.197672	0.0524311153	0.82461742695
AC	0.12188972255	0.2733698451	0.267198	0.110817	0.6394236281
AB	0.11875862975000001	0.1643393595	0.072383	0.0484001	0.74906501505
AB	0.1006554336	0.14733424579999999	0.147847	0.0590743786	1.16060215215
AB	0.1982756051	0.24706821019999997	0.28081	0.078243	0.9133919074
AC	0.13475373215	0.17978876430000001	0.129706	0.0345043	0.3633221174
AB	0.07075907005	0.07771632789999999	0.0936193	0.0135022878	0.7618035888500001
AC	0.1380700424	0.2338757848	0.156084	0.0722307	0.6539402403
AB	0.1047713859	0.14055805859999998	0.100255	0.0415312868	1.5538802040500002
AB	0.0982392906	0.1426254468	0.126558	0.0427408656	4.1087432783999995
AB	0.12943606415	0.15089652409999998	0.174717	0.0433293958	1.0478935146
AB	0.05819498955	0.1007698591	0.115132	0.03794928	5.0427019913999995
AB	0.2040269888	0.2208951796	0.184487	0.053912202	2.2423684068000003
AB	0.12140042955	0.1257137947	0.173979	0.0248569356	2.8353037851500003
AC	0.16184230789999998	0.1910850542	0.133663	0.0267074384	1.1694839218
AB	0.15812925875	0.1967300877	0.166107	0.0564555702	1.9519838087999999
AB	0.21475853225	0.2652813457	0.183685	0.1189692812	1.6763047042499999
AB	0.1419485832	0.2118538664	0.116233	0.0712247	0.7445074518500001
AC	0.13610458795000002	0.19606281750000001	0.211203	0.0561636416	2.56790426125
AB	0.20209569485	0.22770047670000002	0.175078	0.074957087	1.15708254105
AB	0.1440462743	0.1545342486	0.126988	0.0348947	3.3042933961500003
AB	0.07663501435	0.09384227	0.143005	0.0330633413	0.9589016773
AB	0.20228517699999998	0.275693354	0.308297	0.111656	1.1452588398499999
AB	0.1248491092	0.1461840736	0.14202	0.0189208552	1.01155516155
AC	0.1876074248	0.2463589009	0.253088	0.0454720513	1.5240966429
AC	0.15805011205	0.1366587841	0.319268	0.00876656	1.04135793085
AB	0.24765749210000002	0.3063880499	0.33903	0.1088000657	3.0909677239
AB	0.07937757470000001	0.19236994940000002	0.0621729	0.120217	0.4213969833
AB	0.17568028460000001	0.1464631082	0.153816	0.028047539	2.4635938892
AC	0.12581585655	0.1251603538	0.0967284	0.0373086407	0.6140249594
AC	0.10526179835	0.1567456967	0.142896	0.0553511	0.7117858117
AB	0.0980646427	0.11727614689999999	0.121558	0.0273418615	2.17212368595
AC	0.19058012335000002	0.37367924669999997	0.222469	0.165316	2.9155368748
AB	0.26164212645	0.3022110913	0.476468	0.1277158384	5.367609706300001
AB	0.10861108305	0.2324541661	0.518052	0.122559	2.167029993
AB	0.10362131029999999	0.13375413	0.148853	0.0295605094	1.7926826015000001
AC	0.129515	0.15038420000000002	0.198196	0.0251532	2.55215980125
AB	0.1021217323	0.1312356979	0.142694	0.0392682333	5.068221583350001
AB	0.27214784955	0.33776240430000004	0.566517	0.0927797052	3.2352870682
AB	0.18251927415	0.19528068910000002	0.128975	0.0373781408	0.744815242
AB	0.1880071035	0.1566800844	0.1904	0.0242718774	0.5704901089000001
AC	0.16887432295	0.2434381459	0.250619	0.0579365	1.0818957117999999
AB	0.13203031755	0.1372830206	0.168467	0.0354573855	1.0021175225
AB	0.0948672346	0.1390493066	0.137385	0.0552948374	2.3611479743
AB	0.15357662635	0.2227783509	0.206744	0.0373130982	1.29137363105
AC	0.1022621	0.18587930000000003	0.157013	0.0720433	0.4974297001
AB	0.1792096031	0.23546672729999998	0.171634	0.0430835211	0.6115340565
AC	0.07044435565	0.0818790113	0.162345	0.0179404	0.66967754695
AC	0.363433	0.685509	0.241274	0.24386	0.897634434
AB	0.13565439135000001	0.16101797340000001	0.175626	0.0661391907	1.0323169925
AB	0.1195527035	0.1638115417	0.177747	0.0432381347	0.40956230224999995
AC	0.1207253562	0.1935297124	0.0451126	0.107137	0.75517916555
AC	0.15927427109999998	0.1722852285	0.225769	0.0344846863	2.6249804196
AC	0.16209349374999998	0.20104026349999998	0.256951	0.054553276	0.8747044673
BC	0.1142455	2.42822	2.42822	0.0521222	0.28882948415
AB	0.28522987005	0.1380331426	0.160533	0.0511874025	0.7984375601
BC	0.0603985	0.0525437763	0.0525437763	0.016927	0.38131940155
AB	0.07952722215	0.13644904430000002	0.0758638	0.0550001	0.7328387972
AB	0.1128192025	0.13861415729999998	0.115348	0.0244807523	0.8877544185499999
AB	0.1635233086	0.132800007	0.172624	0.0197943898	1.01286150335
AC	0.15655203255	0.2347472651	0.224058	0.0810702	1.4447991975999999
AB	0.1059314035	0.1575309251	0.175307	0.0207331181	0.84696082455
AB	0.3854609374	0.43189075050000003	0.481385	0.1619878757	3.67584112135
AB	0.10606090605	0.11425894850000001	0.16234	0.0290751364	0.9796624514
AB	0.17847435379999999	0.1512327366	0.432127	0.013470029	1.3407174293
AC	0.2592187818	0.2369551845	0.11397	0.0325006209	1.39307499365
AB	0.09887238955	0.1798086791	0.104416	0.0888139	0.43302769934999996
AC	0.14471699999999998	0.335072	0.17563	0.161428	0.6496239863
AB	0.07105580624999999	0.09232483729999999	0.107842	0.0357685248	3.6497695968499997
AB	0.0905734301	0.1311355847	0.135895	0.0342648245	1.7205289431000002
AB	0.070464101	0.122351602	0.150368	0.0581271	1.9616617317
AB	0.1274715885	0.1779434885	0.144244	0.0317823115	0.5916310597
AB	0.18899707365	0.20313044730000002	0.175644	0.0442393	2.3020299661
AB	0.10522569655	0.1311088931	0.291388	0.0409165	0.8366392505
AB	0.1899823758	0.2722319333	0.154671	0.0879141817	0.846487515
AC	0.16074349999999998	0.24033463849999998	0.223481	0.0488756385	1.78658627475
AB	0.1097104656	0.1407591282	0.17752	0.021492197	0.93507220315
AB	0.07596765	0.15232869999999998	0.0875634	0.0355347	0.41083082255000003
AB	0.09872455725000001	0.2487034145	0.196397	0.108419	1.2601344968000001
AC	0.1108428865	0.1296242256	0.11932	0.0240354526	0.69203410715
AB	0.16127357665	0.1853923796	0.179874	0.0250902263	0.92249779535
AB	0.11189980315	0.1533683272	0.160945	0.0415877209	2.38638178755
AB	0.1266287041	0.16733831049999998	0.135554	0.0301329023	1.17731541525
AB	0.0952284495	0.133517612	0.201735	0.051928713	0.9864196435
AB	0.1115939633	0.2665315266	0.187301	0.128945	0.7569133698499999
AB	0.14286526175	0.2439334235	0.138718	0.0981889	1.093453544
AC	0.0544812145	0.0312989482	0.0962094	0.0082720192	0.3010125864
AB	0.1145505458	0.1435808506	0.0975943	0.025517759	0.7601778539499999
AC	0.1236244762	0.1628343524	0.124713	0.0350654	0.68192323775
AB	0.1483451226	0.1544253861	0.125103	0.0468261409	0.63432396215
BC	0.4312995	0.469627	0.469627	0.0140770652	0.9002451657
AC	0.2016469645	0.329305929	0.413456	0.163247	4.4800035135
AB	0.2531719943	0.3047300596	0.234743	0.086568071	2.17130600015
AC	0.1320345	0.2003681	0.108807	0.0492251	0.4533624873
AC	0.08753845	0.1280090794	0.152406	0.0216580794	0.8094020234
AB	0.17049403315	0.2092048272	0.320999	0.0477497609	3.09413963055
AB	0.17669890054999998	0.2347208011	0.170747	0.101091	1.4993895023500001
AC	0.1275805244	0.1687177488	0.439266	0.0270807	0.5813162783
AB	0.1127416936	0.1754383852	0.207942	0.057691998	2.1950113032000003
AB	0.10911302325	0.1439636935	0.138393	0.030378647	0.6504169313
AB	0.09602781755	0.1208113895	0.129591	0.0263545544	0.5194469128
BC	0.2706745	0.163782	0.163782	0.0154207394	0.68740760585
AB	0.1533694504	0.2110479008	0.189913	0.069879	1.3318215508
AB	0.17835898945	0.42131737960000004	0.14733	0.0735993796	0.44226097535
AB	0.12842957075	0.131011588	0.116009	0.0319464465	3.4260169002999996
AB	0.08053165	0.1744452	0.11479	0.0751536	0.45798795785
AB	0.16348354334999998	0.2101683902	0.157556	0.0483623035	0.80402238355
AB	0.16656722445	0.20465426530000003	0.188357	0.0436788164	2.375136473
AB	0.15412846014999998	0.1869571723	0.127379	0.054533252	1.33566606785
AB	0.1342026186	0.2016991835	0.274089	0.1061539463	0.94395288835
AC	0.14394649999999998	0.26344839999999997	0.249848	0.0789304	1.56384946345
AC	0.06836144999999999	0.1628848	0.111229	0.0801651	0.3122716408
AC	0.14621944865	0.2127819973	0.245907	0.0488681	0.5088274137
AC	0.16250899465000002	0.23837578930000003	0.259375	0.0723478	0.9826173972000001
AC	0.12971749999999999	0.1642584418	0.18186	0.0273064418	0.77728365655
AB	0.15707320445	0.2269272686	0.517502	0.0583978597	0.67137336945
AB	0.1692174898	0.194894558	0.162539	0.0515275784	0.99800412475
AB	0.09548788585	0.11974893419999999	0.110081	0.0442931625	0.7764187575
AC	0.134695	0.309417	0.238871	0.149488	0.65925020845
AB	0.1982241102	0.1952109811	0.177077	0.0278097607	1.0497555051
AB	0.15267340494999998	0.1277639723	0.162834	0.0132121624	0.5961065625
AC	0.18538549999999998	0.350959	0.184478	0.1013	0.69142200345
AC	0.11238461745	0.1406052349	0.0469165	0.065316	0.50824107185
AC	0.1837621663	0.1840277648	0.166933	0.0230834322	0.87355443515
AC	0.199683	0.3514801	0.201681	0.0642321	1.76522509635
AC	0.14165065295	0.25796430589999997	0.162903	0.10357	2.4359328247
AB	0.0902059425	0.1204590107	0.116677	0.0128551257	1.10418575865
AB	0.13195715200000002	0.1691280755	0.155612	0.0305227715	1.7898039184
AB	0.0774323472	0.1027197455	0.181903	0.0335827511	1.3883196433
AC	0.171510632	0.2186784383	0.317593	0.0126571743	0.73727294865
AB	0.15119252109999998	0.2066338654	0.281694	0.0396188232	2.6368929863
AB	0.1555368404	0.1466356336	0.205738	0.0293329528	1.5495725970999998
AB	0.2812327659	0.2519237242	0.297262	0.0423341924	0.8256597772000001
AB	0.13639155725000002	0.1966504432	0.10865	0.0663553287	1.44924411525
AB	0.09590145585000001	0.1469419117	0.105067	0.0476604	0.5372169945
AC	0.120252038	0.20337857599999998	0.194538	0.0421207	1.3845570397
AB	0.13116777475000002	0.20081934950000002	0.135458	0.0728758	1.41937616125
AC	0.1068518385	0.22221200000000002	0.130183	0.063925	0.27796295405
AB	0.18688836474999998	0.18911305639999998	0.148388	0.0313313269	1.6731173969
AB	0.26896	0.4017737202	0.226104	0.0257827202	0.5788121823
AC	0.15330971895	0.20188163790000002	0.282101	0.0382212	0.54788835575
AB	0.07530199700000001	0.1037562743	0.175001	0.0184808803	0.42626725595000003
AB	0.11958949245	0.1548507441	0.169566	0.0287507592	1.0908220725
AB	0.0486949448	0.0711674372	0.0633489	0.0208240476	0.4670308427
AB	0.16838982935	0.19469217949999998	0.152765	0.0622565208	0.6874357683
AB	0.0708582024	0.0737538048	0.0950445	0.0320734	1.0339679907500001
AB	0.2610788096	0.3254595388	0.150604	0.1129549196	0.8898276085
AB	0.11944052235	0.10365924469999999	0.123309	0.0296262	2.18403178115
AB	0.21595799999999998	0.22483392	0.151694	0.04414192	1.0212302083
AB	0.19026986740000001	0.2151640678	0.192383	0.033642333	0.7723540956499999
AB	0.13729247584999998	0.1700633845	0.13682	0.0453914328	0.7381721325
AB	0.14751757994999998	0.1935063154	0.146376	0.0237951555	0.49045982379999997
AB	0.44059400000000004	0.6506270000000001	0.556787	0.183923	6.425473531350001
AB	0.124285483	0.196109766	0.0808321	0.0559328	0.53958298115
AB	0.14870536750000002	0.172691735	0.138012	0.049523	1.3665879461500001
AB	0.09838838520000001	0.1341290704	0.12197	0.0289953	0.82233217055
AB	0.171907006	0.2082792767	0.206763	0.0654942647	0.99554351205
AC	0.1038507954	0.2046665908	0.132677	0.0773755	0.7112016166499999
AB	0.09682593045	0.1456856846	0.192948	0.0433876237	0.7027722283
AC	0.13692775275000002	0.24388360550000002	0.369979	0.0872841	0.58037857945
AB	0.2185106679	0.21650601619999998	0.220706	0.0340946804	0.8307760265499999
AC	0.10872393505	0.2653737	0.142938	0.0960717	1.50882240375
AB	0.17035122209999998	0.2527221442	0.302078	0.0517467	0.87378419245
AC	0.1474013207	0.1683657325	0.128046	0.0279410911	1.12679248975
AB	0.1093072294	0.1672196815	0.360375	0.0358778227	0.9055741197
AB	0.0468594751	0.0548629327	0.0509413	0.0136652825	0.50944017435
AB	0.21779139165	0.43910771950000005	0.218727	0.1625829362	2.4063669535499996
BC	0.1802685	0.179453	0.179453	0.0142944621	0.83363911505
AB	0.1113745558	0.1745106683	0.176599	0.0515277567	1.4044542107
AB	0.24788719425	0.22989018849999998	0.438641	0.0643508	1.25319494525
AB	0.1217907941	0.1504822742	0.14017	0.032349686	1.11673811295
AB	0.19163611345	0.36392088040000004	0.181787	0.1262966535	0.73521716265
AB	0.12673446184999998	0.1652127993	0.151979	0.0439508756	1.5817529996500002
AC	0.1325394937	0.2569279874	0.0513287	0.118317	0.67989852715
AC	0.1705515	0.3133034	0.281534	0.0791624	0.6001264169
AB	0.18489748649999999	0.1563713399	0.122888	0.0171223669	0.66191167295
AB	0.19147348674999998	0.1484780189	0.284439	0.0422030454	3.1617299171
AB	0.16019124225	0.1686666992	0.147285	0.0598852147	3.31001315595
AB	0.15558319775	0.1669495493	0.168575	0.0302291538	0.8570950895
AB	0.09115903589999999	0.1301352862	0.118289	0.0382005144	1.3188086944500002
AB	0.0937770299	0.1317286598	0.129101	0.0452156	0.9694331573499999
AC	0.12963170000000002	0.19927290000000003	0.172345	0.0398179	0.93438619445
AC	0.1157655	0.1976298	0.318281	0.0708268	0.43973715215
AB	0.1005467135	0.15013447359999998	0.195551	0.0715890466	2.1234426515
AB	0.135270799	0.1761670618	0.179902	0.0239864638	1.9968934897000001
AC	0.1798397757	0.2283039514	0.192426	0.0551034	1.39960213175
AB	0.10836183495	0.0820047198	0.127497	0.0384060499	0.87669403865
AB	0.12215161085000001	0.1863456637	0.111512	0.073073442	1.8296393076
AB	0.0853893684	0.1080355346	0.158362	0.0220187978	1.2005812152000002
AB	0.1383668257	0.0829698364	0.0752687	0.014113185	0.9775778381
AC	0.1524372924	0.1672541848	0.228046	0.0395086	1.0783196160500002
AB	0.12900757305	0.1606566057	0.185867	0.0446574596	0.7135992991000001
AB	0.14459297915	0.1935903746	0.248828	0.0552584163	0.94070249045
AB	0.14746979999999998	0.13151899020000002	0.129519	0.0444953902	1.08172774115
AB	0.1762334359	0.27316442139999997	0.238265	0.0911325496	1.0953111085
AB	0.1606773361	0.2040051722	0.161301	0.0582465	0.5761979291
AB	0.15092543320000001	0.17757437339999999	0.328162	0.047293507	1.27600592975
AB	0.11846217455000001	0.1401599809	0.120852	0.0356296318	1.13690295905
AB	0.1463700859	0.2080106718	0.185798	0.0574475	0.68119244645
AB	0.0333745718	0.0487284922	0.02911	0.0172679486	0.47244554635
AC	0.15107066975	0.1712332871	0.273068	0.0222829476	1.1926748308
AB	0.09774678249999999	0.1255878212	0.128662	0.0363962562	5.1564799720000005
AC	0.12920164465	0.16538306860000002	0.184249	0.0277097793	1.1579389437
AC	0.0745910365	0.184336	0.104798	0.082632	0.61072616235
AB	0.06981575935	0.0576636898	0.394762	0.0184481711	0.6693445683000001
AB	0.30147262295	0.409224105	0.451977	0.0975938591	1.0321291567
AB	0.10302984525	0.1449441931	0.104497	0.0332146026	0.49800560520000003
AC	0.11097784529999999	0.1501898906	0.159873	0.0378382	1.0983489534
AB	0.1469746094	0.1809492239	0.106571	0.0530290051	0.8992916943
AB	0.1170867808	0.13344127520000001	0.112902	0.0254237136	0.6264324263000001
AB	0.05317446055	0.0703166345	0.208005	0.0400637134	0.60461132335
AB	0.07936092045000001	0.114460696	0.129612	0.0414042551	0.9752325973
AC	0.1209905776	0.308534	0.191415	0.117957	2.6507218669
AC	0.14254820425	0.2241020085	0.207811	0.0440686	0.6715901057
AB	0.2438252281	0.26288225120000003	0.450598	0.087578795	1.29627958795
AB	0.054145435	0.06801007	0.093812	0.0220999	0.69104123535
AB	0.14914067165	0.2044016138	0.198177	0.0295992705	0.8428961498
AB	0.2040410823	0.1724986501	0.155904	0.0293284855	0.99516098935
AB	0.12638328995	0.1585652882	0.17019	0.0384997083	0.83107675935
AB	0.09965857645	0.1316768342	0.149523	0.0722216813	3.83750322365
AC	0.1279751546	0.2287503092	0.121244	0.102734	0.56949324645
AB	0.1714154355	0.1743437711	0.194212	0.0290409001	1.7499051486500001
AB	0.18476833835	0.23450112380000002	0.302917	0.0593454471	1.9337924106000002
BC	0.048864599999999994	0.0797647	0.0797647	0.0022438948	0.5325823804500001
AB	0.2014966013	0.169599757	0.234808	0.0523615544	3.06141054795
AB	0.10548207700000001	0.1222569538	0.143303	0.0240977998	1.4309741162
BC	0.270254	0.1116267851	0.1116267851	0.019796908	0.39573600955
AC	0.07789285	0.1079675376	0.17414	0.0237924376	0.7410743563500001
AB	0.07471110254999999	0.0967930156	0.0697161	0.0152948105	1.8712845968999998
AC	0.241016	0.3043437	0.294706	0.0790307	4.3789589619
AB	0.11772356819999999	0.2156558364	0.188219	0.0873207	1.1830061668
AB	0.1596015	0.2145429072	0.199799	0.0188659072	1.632639189
BC	0.2512385	0.187054	0.187054	0.0191973088	0.8765453939
AB	0.17450795965	0.3115269801	0.231476	0.1267130608	4.7641788453
AB	0.06851878875	0.0801093737	0.13431	0.0152568962	1.9553700996
AC	0.1717745	0.2762478	0.158611	0.0348818	0.6040950137000001
AB	0.17306360034999999	0.1427919086	0.250817	0.0240077079	1.1593206849
AB	0.11747655065	0.1427971476	0.135891	0.0438850463	0.57347118615
AB	0.0657289363	0.10459847259999999	0.0442458	0.0426241	3.6054480655
AB	0.24281163545	0.21442292000000002	0.258483	0.0777526491	1.5357613495
AC	0.15057458105	0.1770410489	0.19069	0.0032898868	0.79402096175
AB	0.1003779884	0.1482648242	0.117841	0.0415212474	0.50018075185
AB	0.29066190815000004	0.32516398479999997	0.172253	0.0862761685	1.7582013587
AB	0.13227335545	0.1677478463	0.180934	0.0423471354	0.77526556115
AC	0.138793	0.18044339999999998	0.141403	0.0280634	0.940299224
AC	0.12135325	0.2032741	0.196261	0.0377701	0.75678454335
AC	0.1357885	0.211505	0.183383	0.040174	2.5308473470500004
AB	0.202529187	0.2790002061	0.19721	0.0504308321	0.80359774175
AB	0.1107454584	0.2507949168	0.195973	0.102798	0.6838826246
AC	0.15834399999999998	0.1996747807	0.260877	0.0343297807	0.57974625815
AB	0.14593747795	0.1789107559	0.163449	0.0463828	1.9467011084
AC	0.0711382642	0.0641339492	0.107136	0.0098818208	0.69874417185
AB	0.064829188	0.1203223357	0.161174	0.0489337597	0.72803282375
AC	0.1081465	0.1170546853	0.121539	0.0080116853	0.7590108694000001
AB	0.034147	0.2583729	0.186293	0.217772	0.4022958545
AC	0.14750145705	0.2017540141	0.257381	0.0443321	1.02195881885
AB	0.20358869255	0.3148531731	0.30876	0.129105788	2.2618185568499998
AB	0.08209408705	0.1068240252	0.0592218	0.0250604511	1.5159247122000001
AB	0.1658505	0.1898421961	0.199068	0.0421341961	0.9120638872
AB	0.07573224719999999	0.1482581944	0.0678658	0.0340894	0.53825023625
AB	0.14778736190000002	0.1769704473	0.160946	0.0484517235	0.9624546070500001
AB	0.08198125	0.231157	0.0891714	0.12587	1.2520129151
AC	0.15216835895	0.2467186179	0.186253	0.0610869	1.0535200944
AB	0.1413508906	0.21160570339999998	0.147527	0.0575529222	0.989575199
AC	0.16861900675	0.2314542135	0.19203	0.0499922	0.86045747165
AB	0.1102826553	0.1927560242	0.133237	0.0684488136	0.82058284565
AB	0.12779904474999998	0.1543107454	0.152703	0.0341936559	1.6903740028
AB	0.17756636525000002	0.3163324733	0.312238	0.1490127428	1.93748139775
AB	0.16696978704999998	0.2196271164	0.185226	0.0672425423	1.4062029501
AB	0.09775765425	0.1000714716	0.0713278	0.0276191631	0.5812649932
AB	0.27524207295	0.4426106985	0.0874272	0.1483035526	1.10348244885
AB	0.12628446335	0.1528891356	0.131595	0.0522482089	1.24810570615
AB	0.1582277265	0.1410509825	0.298843	0.0257305295	1.83287902795
AB	0.21484598059999999	0.2506424636	0.392395	0.0931865024	0.97923226735
AB	0.38686171395	0.5147018956	0.420606	0.1423404677	1.0693122171
AB	0.1043118525	0.240870805	0.14503	0.101554	1.56943041515
AC	0.2371660506	0.2511091012	0.195811	0.0	2.29759381895
AB	0.17158317455	0.1823030337	0.17627	0.0455696846	0.77481353385
AB	0.16089129005	0.2681629801	0.159219	0.0763734	1.17625039905
AB	0.12262579404999999	0.1454957296	0.130576	0.0257861415	1.2142660746
AB	0.1323558277	0.1666382641	0.146413	0.0591566087	1.06210883445
AB	0.1774921624	0.2559536409	0.164217	0.0299803161	0.6002205626
AC	0.11923500225	0.17960170450000001	0.206574	0.0574017	0.61333799855
AB	0.139766211	0.11464956500000001	0.107988	0.017784143	0.6093174876999999
AC	0.11345102915	0.1473840276	0.198233	0.0289009693	0.36762279389999997
AB	0.1094329	0.0893974701	0.158297	0.0211186701	1.57735980785
AB	0.07614465735	0.12009840129999999	0.137204	0.0411213866	1.75343220705
AB	0.11677160040000001	0.16381624990000002	0.256447	0.0296041491	1.1472463986
AB	0.09548189359999999	0.0859026892	0.127914	0.026010902	1.17773504225
AB	0.13624910395	0.1308943074	0.163279	0.0265140995	0.8605807233
AB	0.18022777585	0.38279755169999996	0.0856395	0.150105	2.3539381268
AB	0.106012617	0.1464614005	0.157731	0.0280297665	1.1814057137
AC	0.09318163665	0.278366	0.22917	0.15421	5.6669811301
AB	0.1894890173	0.2408933274	0.241071	0.0334662928	0.92789052105
AB	0.11752568299999999	0.1197768082	0.182452	0.0344184422	2.12899118985
AB	0.09213355000000001	0.10810316489999999	0.143306	0.0231139649	1.10785649545
AC	0.191255	0.349338	0.161551	0.180078	0.57724176935
AB	0.1779848675	0.25815873500000003	0.188138	0.124186	0.95343726145
AB	0.1809491353	0.2884987338	0.219818	0.1243724632	0.93235805095
AC	0.0547324	0.0537051	0.0807729	0.0283187	0.29880670195
AC	0.21996260675	0.2581944633	0.240246	0.0492992498	0.7097677134
AB	0.2514265327	0.2874780877	0.287128	0.0384840223	2.07654112415
AB	0.14516499255	0.14114131400000002	0.103886	0.0203013289	0.8271227547
AB	0.07609958985	0.1431857649	0.212032	0.0798654852	0.71053225025
AB	0.0924775963	0.11160931360000001	0.182978	0.037742121	1.4627122907
AB	0.1285122268	0.18049185359999997	0.127363	0.0490414	2.5849186153
AB	0.11271542455	0.1972475491	0.200307	0.0924667	1.1144719772
AB	0.15076049615	0.1372159241	0.167737	0.0210009318	0.98624474235
AB	0.11208656205	0.165390845	0.111573	0.0672347209	5.588430163
AC	0.1225579375	0.1534812693	0.176981	0.0364033943	0.9304382335
AB	0.11007986419999999	0.1627645233	0.142189	0.0755367949	3.6398182
AC	0.046401473	0.06779004599999999	0.0957505	0.0338175	0.4177384608
AC	0.1427445	0.1376694546	0.201591	0.0265594546	1.03207446265
AC	0.12886997655	0.2247423531	0.170003	0.0757204	1.4820620610500002
AB	0.10612396190000001	0.1285572755	0.155842	0.0374433517	1.688378981
AB	0.20558505625	0.20873096489999998	0.615566	0.0460278524	1.0506976478
AB	0.0810468053	0.09635981060000001	0.0673475	0.0281389	1.1884039011
AB	0.114947	0.1774232	0.0987921	0.0744872	0.6535614080000001
AC	0.1455957638	0.1661615631	0.108691	0.0124850355	1.1269746702999999
AB	0.0679696075	0.748763315	3.98482	0.692203	0.2576494154
AC	0.15897914415	0.20745318829999998	0.11246	0.0408659	1.18632868425
AB	0.16105653985	0.085729585	0.0982538	0.0321895053	0.8472276984
AB	0.05882140045	0.0848425705	0.118019	0.0447159696	0.47180665130000005
AB	0.14063402335	0.1663578467	0.108852	0.0303458	0.6391637772000001
AB	0.09143410404999999	0.190129	0.0699737	0.033386	1.42183852455
AB	0.14041773945	0.2516444789	0.192609	0.113503	1.2812766184
AB	0.1277268879	0.1421642535	0.16527	0.0297794777	1.88352720985
BC	0.05761215	0.0786833	0.0786833	0.0111397	0.93140512035
AB	0.1859571219	0.2842460271	0.156019	0.0816957833	0.66601729185
AC	0.319588	0.22478990000000001	0.139891	0.0674479	0.5769285118
AB	0.177861	0.2441213951	0.129591	0.0487953951	0.7478536373
AB	0.047858698000000005	0.06860030880000001	0.153353	0.0226198128	0.7922644413
AB	0.1356493292	0.18955674630000002	0.212183	0.0266560879	1.03098432505
AB	0.22276896205	0.3136229241	0.310845	0.081384	1.0268030244
AC	0.0974113266	0.14116625319999998	0.224467	0.0642556	0.37527720065000003
AB	0.13547775295	0.20244045319999998	0.151303	0.0755839473	1.7912003959
AB	0.09893819155	0.1414990273	0.157595	0.0406496442	2.24980333575
AB	0.14847339285	0.19637928570000002	0.122886	0.0580595	1.00992637525
BC	0.02479966595	0.0254297698	0.0254297698	0.00410706	0.511722311
AB	0.20025850415	0.21733062739999998	0.162008	0.0443236191	1.1157621451
AB	0.1689071984	0.1823434972	0.183142	0.0276111004	0.6329747973500001
AB	0.49334054554999995	0.6665245865	0.843734	0.1730574954	2.639962102
AC	0.1703172781	0.22558562859999998	0.213336	0.0332700724	0.7878203481999999
AB	0.1168102067	0.1943182359	0.190596	0.0674648225	1.7075939643
AB	0.2489746579	0.3245493103	0.227122	0.0540249945	0.7599162484499999
AC	0.11934948745000001	0.1746701749	0.116538	0.0487772	1.22684869075
AB	0.07163425995	0.0820674738	0.0729212	0.0154405539	0.4301562595
AB	0.0853252997	0.1054483091	0.146103	0.0165175097	5.100647760299999
AC	0.16058809385	0.23110308770000001	0.109192	0.0491049	2.7352353052
AB	0.1784358874	0.1279571618	0.135649	0.041796387	1.09606368445
AB	0.20431808010000002	0.2481497849	0.219142	0.1052436247	1.8622891496
AC	0.2227150758	0.11224225160000001	0.137925	0.0293541	0.8234883181
AB	0.09112362615	0.3523980523	0.0417779146	0.225925	0.25181545995
AB	0.18118499999999998	0.322086585	0.307953	0.107949585	0.7380057566
AB	0.0848988113	0.1273157274	0.141602	0.0279725048	1.9337446334000001
AB	0.0338353814	0.0688882628	0.0296843	0.0215788	0.6404253065
AB	0.1153544058	0.1961228952	0.0850602	0.0228523836	1.07453506435
AB	0.2330180979	0.2061681871	0.19423	0.0494419913	1.2317880978
AB	0.13161429395	0.210833271	0.13966	0.0533296831	1.61216038365
AB	0.103092983	0.0924845148	0.109992	0.0413595488	0.6013303486
AB	0.26610825475	0.3197872321	0.332748	0.0698177226	1.3409931011
AB	0.14381437635	0.1839659709	0.205064	0.0386642182	0.72355908745
AC	0.057057062549999996	0.0835258528	0.111553	0.0180793277	0.8404325315
AB	0.11740285684999999	0.1230471314	0.560621	0.0271954177	0.7626257758999999
AB	0.211246355	0.1722121275	0.196453	0.0258064175	1.0074489851
AC	0.19950294775	0.22472540289999998	0.079985	0.0714135074	1.2797165514
BC	0.0786899177	1.86757	1.86757	0.314206	0.3141056181
AC	0.11539898515	0.1485294703	0.144474	0.0432845	0.6891138598
AB	0.22107543525	0.18027348440000002	0.247371	0.0419436139	1.0209230168499999
AB	0.03907469105	0.0466337343	0.068119	0.0068845522	0.3769641739
AB	0.16831710514999998	0.1812891374	0.167644	0.0623989271	1.5912520985499998
AB	0.2280075	0.24801089999999998	0.32099	0.0802809	1.4261509675
AC	0.13709345275	0.1720472766	0.443219	0.0256813711	1.0797951918
BC	0.24493549999999997	0.1424974078	0.1424974078	0.0151217347	0.94176970435
AC	0.14262690639999998	0.2246517128	0.219026	0.0719079	4.20937357645
AB	0.0695459286	0.09737273669999999	0.0958387	0.0383130795	1.2272263841
AB	0.1263365982	0.14216022900000003	0.25711	0.0638890326	1.0881818928
AB	0.18082010045	0.16176548229999999	0.426777	0.0400242814	0.8407268513
AB	0.27828418115	0.40408746139999996	0.266366	0.0677700991	0.79608815085
AB	0.16661993274999998	0.1788192502	0.260096	0.0555733847	1.11172715145
AB	0.05113152975	0.0593583595	0.0495128	0.0297233	0.4836401601
AC	0.1116602111	0.2350363418	0.148692	0.0898328	0.9172223168
AC	0.089006031	0.053145991399999995	0.0697815	0.0206439294	3.2325872066
AB	0.1626339944	0.1790045787	0.18359	0.0498235899	3.0508951423
AB	0.17747638765	0.2130328777	0.128737	0.0297701024	1.9543729184999998
AC	0.2200036345	0.183041869	0.251081	0.0415386	0.89838850175
AB	0.1438059139	0.18814901439999998	0.137275	0.0197391866	0.7283545936
AC	0.11403099195	0.14234302769999999	0.266043	0.0166630438	0.7723591862
AB	0.0953440262	0.1368042938	0.0975142	0.0358850414	0.6542909458
AC	0.1527465388	0.2386070776	0.180986	0.067797	0.98031321195
AB	0.1673991185	0.202232137	0.295143	0.0538819	0.85631617335
AB	0.14275437365	0.1973166473	0.0680643	0.0598199	1.0306795369500001
AB	0.14443470284999999	0.20127292130000002	0.169462	0.0687025156	0.7117743144500001
AB	0.0698162842	0.1206368526	0.101291	0.0380433842	0.46255233065
AB	0.24954770369999998	0.076181836	1.03587	0.0186684286	0.55283399715
AB	0.15006916485	0.16581252970000002	0.185929	0.0292782	0.59405462435
AB	0.1099219256	0.1321164293	0.132367	0.0182295781	0.4231629647
AB	0.28435279809999997	0.1742810115	0.360053	0.0404994153	0.8609702179000001
AB	0.1583170841	0.1583856235	0.148866	0.0256854553	0.54118892125
AC	0.1687016453	0.30584139060000004	0.20839	0.0704061	1.6921140861000001
AC	0.1618209664	0.2473269328	0.221931	0.12044	1.1999944615
AB	0.08815223435	0.1265524094	0.10546	0.0376341407	0.52971849735
AB	0.12330431919999998	0.14283953729999999	0.122547	0.0258538989	0.65737224315
AC	0.06631922925	0.0725432585	0.0734561	0.0253433	2.8862017376
AB	0.1040713901	0.1189166084	0.207564	0.0140008282	1.1692744167
AC	0.07653780505	0.13312971010000002	0.0886883	0.0520534	0.6023365387
AB	0.13988432535	0.16865150329999998	0.180268	0.0383558526	0.8146224363500001
AB	0.1257127264	0.1391043997	0.129755	0.0440219469	0.8864331928
AB	0.2927515166	0.8518700332	1.9925833065	0.581074	0.68172191575
AB	0.17614952485000002	0.2017874751	0.221594	0.0492684254	0.9290169639500001
AB	0.17309853495	0.2212405384	0.162287	0.0445524685	1.18749469975
AB	0.15197118240000002	0.2281460648	0.119013	0.0734977	0.7649762688499999
AB	0.1667426662	0.22766608989999998	0.268738	0.0851907575	2.20690450745
AB	0.0875410968	0.12966581170000002	0.0886953	0.0263598181	0.7281027908
AB	0.26461888815	0.1241365858	0.0680316	0.0179958095	1.3861618008
AB	0.15356025515	0.1624755103	0.238973	0.045283	1.0315029175000001
AB	0.1612764833	0.2168598666	0.146959	0.0640829	1.4608463131
BC	0.055619749999999996	0.0541363427	0.0541363427	0.0048014347	0.37816844024999996
AC	0.0996323546	0.1311427329	0.181349	0.0257694237	1.2430863362
AB	0.15793625615	0.1363583048	0.15348	0.0235217925	0.6933054073999999
AB	0.17858707455	0.2729856144	0.202784	0.1616384653	1.19321642215
AB	0.21893992410000002	0.30346813100000003	0.207128	0.0825862828	0.8567563608
AB	0.14206925534999998	0.1878770403	0.143044	0.0513005296	1.42890081685
AB	0.18076835585	0.2303900117	0.220105	0.0813693	1.28357687165
AC	0.213305	0.2934415604	0.172676	0.0196585604	1.23946899175
AC	0.12354517495	0.1773154656	0.14431	0.0293520157	0.6463110482
AB	0.23392265295	0.3824954991	0.225415	0.1415821932	0.73578479465
BC	0.169997	0.1559388255	0.1559388255	0.0173579627	1.16074297555
AC	0.0726535707	0.0939461368	0.106446	0.0023697954	1.09173119545
AB	0.1419295463	0.1125605952	0.0974052	0.0353935026	4.0567690649
AB	0.13511535775	0.1574503018	0.176511	0.0543015863	0.7523543835
AB	0.1364594262	0.2264070524	0.16112	0.0811422	1.50884048625
AB	0.07387323165000001	0.11555216330000001	0.0556413	0.0414696	0.73335116585
AB	0.06554687414999999	0.1028526499	0.0975837	0.0265887016	0.5232750339
AB	0.12254303115	0.1339483908	0.145502	0.0343583285	3.23737144105
AB	0.241712185	0.25545847	0.216801	0.0817911	1.3876502372000001
AC	0.11267925	0.1536826	0.138646	0.0540921	0.6196946759499999
AC	0.1097755	0.1183507952	0.165602	0.0030467952	0.47709529775000004
AB	0.1495909571	0.2035838142	0.123635	0.0468159	1.2762154906
AB	0.2195131909	0.1903294164	0.222068	0.0345040346	2.3189249135
AC	0.157333	0.258057	0.275894	0.10374	1.6646429872500002
AB	0.39303061395	0.3612745626	0.552621	0.0465713347	1.06845114355
AC	0.10121448934999999	0.1599795787	0.314295	0.0727916	2.1195095046
AC	0.22873246925	0.1488621587	0.190316	0.0224192202	1.06397586035
AB	0.1482982	0.1405310222	0.192614	0.0233736222	1.2491813915
AB	0.1146890432	0.1459548642	0.11674	0.0478357778	1.73925332255
AB	0.23494844835	0.25919335359999995	0.355588	0.0820864569	1.09148414285
AB	0.16521270700000001	0.297069414	0.076236	0.13395	0.7927513229500001
AB	0.10524986724999999	0.13603835050000002	0.136732	0.033700616	0.76479453045
AC	0.2267131144	0.3408732288	0.331289	0.117356	0.9193992108
AC	0.1905031948	0.2000843055	0.223809	0.0385219159	1.08492876225
AB	0.07698661905	0.07796942629999999	0.130754	0.0245071882	2.7755895574
AB	0.0733573086	0.1139796172	0.10349	0.0590763	0.349852129
AB	0.1357794839	0.0982615281	0.108315	0.0256475603	0.8013665199000001
BC	0.2286155	0.160298	0.160298	0.0190646274	1.029682876
AB	0.40024168405	0.1487184295	0.180424	0.0384650614	1.16939374615
AB	0.20393181565	0.3188826313	0.181065	0.123734	1.69079269045
AB	0.1987469482	0.1904340964	0.0873264	0.0862002	0.85515063985
AB	0.34148861119999996	0.4790244465	0.279864	0.1172412241	1.1625779255
AC	0.13146205	0.528934	0.0974598	0.358626	0.8257759294
AB	0.12095928319999999	0.1169372677	0.13651	0.0231847013	0.85906141505
AC	0.27328058564999996	0.49716367129999994	0.155154	0.0673115	3.0949113004
AB	0.07560043335	0.120743205	0.132666	0.0440979383	2.1756080983
AC	0.07385157875000001	0.11294275749999999	0.141279	0.045342	0.92122726835
AB	0.09372875275	0.11578278850000001	0.138153	0.023286783	0.9005285766
AC	0.14947349999999998	0.2311712	0.204963	0.0541152	1.85042550455
AC	0.1629525	0.2108983484	0.155654	0.0360383484	1.2839463319
AB	0.1131223817	0.1536034907	0.156892	0.0576277273	1.08584920555
AB	0.2342790257	0.3897731917	0.650661	0.0822251403	0.9515068071
AC	0.1136914758	0.2231497516	0.22211	0.0808785	1.2901860096
AB	0.24559587185	0.2526575504	0.214188	0.0405488067	1.0051676929
AC	0.15378581485	0.2285709297	0.152929	0.0585543	0.76743792665
AB	0.09882062289999999	0.1461952758	0.112157	0.03336933	1.320290355
AB	0.18938361345	0.2496806299	0.168531	0.080453403	1.0699164405
BC	0.0825264	0.0848868	0.0848868	0.0475696	3.3631440381999997
AB	0.1268140021	0.1451236712	0.130003	0.018325667	0.93171854495
AB	0.21558085700000001	0.2825413781	0.152759	0.0724866641	0.776574931
AC	0.0964540299	0.0964433598	0.084272	0.0386063	0.39472254900000003
AB	0.1795720086	0.13919823	0.151363	0.0533522128	0.6238313773999999
AC	0.1537206504	0.2552737008	0.304758	0.0847774	0.8158843679
AB	0.057161286049999996	0.0724827285	0.122892	0.0190354564	0.833448842
AC	0.13794576325	0.19023882649999999	0.148681	0.0363953	0.74457467285
AB	0.04530141015	0.07702772029999999	0.0568872	0.0383632	2.3239360308499997
AB	0.20628112315	0.4483637463	0.116922	0.058025	2.62349237855
AB	0.13283180205	0.1103843157	0.0853325	0.0466847116	0.8083199585499999
AB	0.10367362195	0.1940590439	0.0983504	0.0760706	2.533202814
AB	0.0979714703	0.1131953196	0.142847	0.023834379	0.8613677444500001
AB	0.26682900175	0.2671382035	0.229308	0.0849392	1.3841390667
AC	0.05329545	0.0691301	0.0741466	0.0138789	0.21635163470000002
AB	0.341339	0.5713978	0.153447	0.0854408	0.71875570515
AC	0.1589018556	0.1686450112	0.157592	0.0328443	1.03391558105
AB	0.2027052986	0.11533715180000001	0.127704	0.0171335546	3.25737255565
AB	0.10462540880000001	0.15074827130000001	0.157966	0.0519894537	0.5208127955
AC	0.17396450000000002	0.2457790498	0.150008	0.0442280498	1.217067959
AB	0.1289243123	0.17619742459999999	0.137583	0.0471848	0.88847002185
AB	0.11429407155	0.1265068983	0.124695	0.0397177552	5.26460651435
AC	0.1646995	0.2342164	0.170378	0.0837764	1.1537448435
AB	0.1002768433	0.1115022399	0.156495	0.0271665533	5.0620335854
AB	0.1476703029	0.2240969271	0.11783	0.0995993213	0.72549054965
AB	0.08980019155	0.102446065	0.127699	0.0289786819	0.81771452255
AB	0.052759214949999994	0.12997872989999998	0.0764456	0.0726293	3.0058588188
AB	0.09250225165	0.107443122	0.142241	0.0520456187	0.8834207547
AC	0.15708839635	0.1757853041	0.211452	0.0333495114	1.35548653885
AB	0.1503642616	0.1829568232	0.154697	0.0726503	1.6131133443499999
AB	0.1451129995	0.22344439900000002	0.131751	0.0605794	0.7678292242
AB	0.21120378185	0.315867567	0.167732	0.1058880033	0.8036488184
AB	0.1195628637	0.1477009598	0.140085	0.0465152324	1.13405949
AB	0.15244671845000002	0.16233775479999998	0.126019	0.0212843179	1.59126414275
AB	0.1279029165	0.1623568065	0.120536	0.0423169735	3.01013902735
AC	0.10035860790000001	0.1515007158	0.1541	0.0551275	0.3650237488
AC	0.29628319485	0.582647	0.219498	0.132213	7.4486091253
AB	0.0748597449	0.0891952898	0.0827364	0.0171191	0.5233119666
AC	0.09043	0.22730060000000002	0.120119	0.131139	1.4518002778
AB	0.023817185	0.045512008	0.0441623	0.005638908	0.34537353535000004
AC	0.1550165	0.2477982	0.179073	0.0617962	0.7011474439000001
AC	0.08272755	0.1251552	0.129618	0.0213642	0.8468275693499999
AC	0.09013341865	0.0874942373	0.0730799	0.0360704	0.27923178385
AB	0.13612271555	0.1893202311	0.0732798	0.0569858	1.2754697963
AB	0.09689770335	0.1558476067	0.169101	0.0544831	1.03919420685
AB	0.1129519578	0.1286954851	0.298353	0.0564945695	1.16468661065
BC	0.29170850000000004	0.1639725687	0.1639725687	0.0301826799	1.06308433895
AB	0.10594917884999999	0.1442837724	0.141341	0.0335414147	0.6714966607
AB	0.1436382959	0.16134623909999998	0.328784	0.0197386473	1.6197419781
AB	0.1370705748	0.100469348	0.0681637	0.0196521984	0.9030105593
AB	0.10329494994999999	0.1380573047	0.0867469	0.0520264048	0.61294568655
AB	0.18839789825	0.2396507965	0.199722	0.067415	1.1333379072
AB	0.1399770447	0.1800755297	0.165952	0.0196874403	1.00953039415
AC	0.2300587504	0.2254053008	0.150886	0.0674198	1.4516373785
AB	0.07503613284999999	0.1087254574	0.126734	0.0394501917	1.3619838037999998
AB	0.14090522379999998	0.15613261709999998	0.272132	0.0328911695	1.52987598915
AC	0.1111352186	0.1270561963	0.118838	0.0226007591	1.1994799547500001
AC	0.2119164924	0.3429020848	0.294194	0.0839651	4.12513155475
AC	0.1145753782	0.17370625639999998	0.216211	0.0532705	0.92381165275
AB	0.20124575835	0.2902532167	0.102575	0.0829447	2.0987991195499998
AB	0.06723707055	0.15657834110000002	0.105349	0.0726823	1.6972930769999999
AB	0.055916915	0.0597566876	0.105937	0.0133545576	0.5252056859500001
AB	0.1894333687	0.2219781374	0.163679	0.0692834	1.23522565215
AB	0.25669097485000003	0.2121686566	0.201367	0.0498067069	1.0538188225
AB	0.10223698615	0.1302531724	0.101367	0.0327202001	1.46676248765
AC	0.10535749999999999	0.1532692712	0.174066	0.0222982712	1.1729044772500001
AB	0.057516876450000004	0.0872847365	0.101544	0.0153015836	0.38917274315000006
AC	0.1481760455	0.162543191	0.429702	0.0605891	1.3472837120999999
AB	0.14293149695000001	0.19315283760000002	0.240882	0.0621798437	0.7918722135
AB	0.2194346896	0.208762208	0.244822	0.0329338288	1.52800252375
AB	0.12657683590000002	0.2243903718	0.155982	0.0734797	1.9311700891999999
AB	0.13485472275	0.09386732619999999	0.158752	0.0197558807	1.05194498925
AC	0.15587695505	0.2760359101	0.261002	0.124011	1.2293826683
AB	0.054212437200000005	0.1004998213	0.0546049	0.0398944469	3.5766492284
AB	0.13215054995	0.1856158007	0.166047	0.0447107008	2.50740612555
AB	0.14801121755000002	0.1851600593	0.179499	0.0348686242	1.6576528156
AB	0.10108706625	0.0904960801	0.139948	0.0085819476	1.4997699834
AC	0.04330055	0.0775892	0.0334418	0.0330894	0.35313558865
AB	0.16887485115	0.2244934023	0.154195	0.0791007	1.0023469563
AC	0.083684418	0.141019436	0.104854	0.0288933	0.35651627799999996
BC	0.1367219	0.0988097495	0.0988097495	0.0586589	1.1029198421
AB	0.10164726069999999	0.1609784662	0.151637	0.0663199448	0.8125688338500001
AB	0.10790991095	0.18811902190000002	0.113097	0.0770482	0.49912970685
AB	0.1432742068	0.1339172851	0.122548	0.0389868715	1.46349348245
BC	0.2087525	0.1797108311	0.1797108311	0.0132146565	0.83426027515
AB	0.116043773	0.150781661	0.118975	0.031773115	5.0280997121
AB	0.1646923878	0.22000587789999998	0.179927	0.0455871023	1.0870943772500001
AB	0.09163239535	0.1175504577	0.110048	0.016315967	0.5633995737499999
AB	0.10662080199999999	0.1216128765	0.140775	0.0291882725	1.21171306185
AB	0.11873961945	0.1555235061	0.132217	0.0548812672	1.1528486786999999
AB	0.14180341715	0.1817569343	0.120063	0.0698811	0.8013928795
AB	0.18566592555	0.3049825511	0.0851098	0.0905237	2.2350193489
AB	0.19790718964999998	0.2110741059	0.212343	0.0261727266	1.5043888473
AB	0.16525576715	0.2365447343	0.132989	0.0673002	1.0632250547500002
AB	0.07549430295000001	0.1248417217	0.121822	0.0510756158	1.37167731935
AC	0.09306869775000001	0.1594957955	0.151929	0.0487752	1.9434910646499999
AC	0.0695093121	0.046913636800000005	0.0801724	0.0210950126	1.36249767325
AB	0.17814851915	0.1413220896	0.140384	0.0416830513	2.9008225782
AB	0.1018788279	0.1106836891	0.190237	0.0308260333	1.10564312275
AB	0.09050015	0.1492273282	0.120672	0.0163633282	0.5411142122
AB	0.0637901061	0.1065620122	0.0194605	0.0364148	0.46695834199999997
AB	0.1499565719	0.1712117172	0.236166	0.0665875734	1.091512452
AB	0.3328166706	0.2963744745	0.241868	0.0417731333	5.6275286868
AB	0.22560394565	0.44968589130000003	0.388486	0.233185	3.0041689927
AB	0.03943073625	0.06861497250000001	0.0261168	0.0205998	0.358276457
AB	0.07230994565	0.09578141779999999	0.113256	0.0327836265	1.06330952155
AC	0.08963979864999999	0.1245461973	0.150743	0.0468386	0.58228561515
AC	0.2034125	0.2090038806	0.237085	0.0396778806	0.7189548391
BC	0.223719	0.1592199323	0.1592199323	0.0317288121	1.09187761965
BC	0.1678045	0.162208	0.162208	0.0216300028	1.3690413664999999
AB	0.1303482911	0.29807768219999997	0.147224	0.123201	0.74874198605
AB	0.16159519	0.13906089530000001	0.163274	0.0225005153	0.6389889844000001
AB	0.08523306355	0.1105980271	0.159369	0.0474029	0.60944271195
AC	0.0637938715	0.038949876200000004	0.0969523	0.0042056332	0.69189271565
AB	0.13637157395	0.17748894790000003	0.115822	0.0443148	0.9490463352
AB	0.10004679245	0.16338619049999997	0.157481	0.0699646056	1.36989099025
AB	0.0493159266	0.059744114599999995	0.035078	0.0250247614	0.9980774081
AB	0.2006519067	0.2578591134	0.228929	0.0793663	0.9378497767
AC	0.16204454299999999	0.186928086	0.121705	0.040487	1.0750507807
AB	0.18075915185	0.1955866993	0.171905	0.0278033956	1.00885903655
AB	0.0920709213	0.17109534259999998	0.0864185	0.0644264	1.4182855729000001
AB	0.1406426443	0.1343813588	0.143801	0.0242030702	0.9595670955
AB	0.17044642264999998	0.2877982364	0.360641	0.0746613911	1.52458041
AB	0.13268859945	0.1240544296	0.17706	0.0120772307	1.47080171165
AC	0.0833310628	0.1501526132	0.07894	0.0373386	0.346034196
AB	0.09568102880000001	0.1253715849	0.256954	0.0334058273	2.5043582814
AB	0.14920540715	0.17628421430000002	0.108632	0.0636564	1.01474956685
AB	0.2194994871	0.2371425742	0.26888	0.0520586	1.00263236945
AB	0.22269429005	0.4302167613	0.260942	0.0849101812	1.71768176095
AC	0.30303217825	0.5289365977	0.05468	0.0102335412	0.9707658037
AB	0.1774147232	0.143131384	0.185251	0.0295619376	0.85454381505
AB	0.1402495689	0.2409257533	0.14655	0.1121116155	0.77049498495
AB	0.10938491284999999	0.1606922331	0.124595	0.0602274074	2.80753974265
AB	0.13481665815	0.2272513163	0.12913	0.129369	0.5175308181
AB	0.14941513905	0.1674884766	0.19521	0.0554361985	1.6530185664000001
AB	0.1348361981	0.3277144962	0.173056	0.116556	1.3086186235500001
AB	0.13628903615	0.1841232829	0.24455	0.0429952106	1.6756968730000001
AC	0.06155125	0.306052	0.0677139	0.237536	0.35130453065
AC	0.07616376305	0.2178427261	0.0916594	0.134692	0.57926729765
AB	0.1826655	0.1688642706	0.150059	0.0135172706	0.37819116625
AB	0.16969237955	0.20291405910000002	0.15383	0.0760963	1.06778841695
AB	0.1877707995	0.2080585396	0.147161	0.0385209406	0.8188241012
AB	0.11451465029999999	0.1721968006	0.144832	0.0797685	5.242082476499999
AC	0.164021	0.2295978721	0.10312	0.0287228721	0.5081832175
AB	0.053043709499999994	0.065569919	0.0471053	0.017879	0.43275900445000004
AB	0.22134181355	0.2361966656	0.201002	0.0297360385	1.5184104816000001
AB	0.13508133005	0.142943456	0.221888	0.0368697959	3.4639787446
AB	0.3631483516	0.44113764879999995	0.460678	0.1400489456	0.76752326735
AB	0.12678040135	0.3378158027	0.1063181473	0.194583	0.6832460030999999
AC	0.06658680065	0.1045080013	0.076906	0.0272917	0.2195994148
AB	0.15242245	0.2706101552	0.136809	0.0437501552	0.5559763242
AB	0.157433612	0.183937324	0.116213	0.0728681	0.7967706994500001
AB	0.11082352374999999	0.117364	0.137874	0.0233959525	1.141276382
BC	0.3214351652	0.441369	0.441369	0.0166453413	1.3223736143
AB	0.12199986405	0.1506239438	0.145596	0.0263242157	2.52390166145
AC	0.13641503285	0.118495121	0.113147	0.0030250553	1.13099140305
AB	0.1335521925	0.1827777804	0.200307	0.0279233954	0.7304782130999999
AC	0.14444200000000001	0.18016207150000002	0.148166	0.0291440715	1.2147819281
AB	0.17448185705000002	0.069844925	0.194433	0.0077262109	2.5647688948
AC	0.14949700524999998	0.1931602105	0.0939553	0.0298682	0.857709478
AC	0.0469726	0.0743953	0.0426335	0.0125111	0.4731107379
AC	0.07116026965	0.27051443929999996	0.0041469167	0.169205	1.5412811544
AB	0.0856123535	0.1469097888	0.144854	0.0269964818	2.2016558818000003
AB	0.0669435684	0.0686360368	0.112417	0.0307733	0.6501141172
AC	0.13611433420000002	0.1742128684	0.139038	0.0355322	0.9697718618
AB	0.1347335219	0.1802698004	0.194918	0.0619747566	0.7961648591999999
AB	0.27017360275	0.3362587776	0.20112	0.1192335721	1.3171036734000001
AB	0.18415825235	0.24948760470000003	0.144384	0.0770861	1.10571439705
AB	0.0507182819	0.040337401499999995	0.104486	0.0196678377	4.09177434195
AB	0.15095780295	0.1871554613	0.191127	0.0556718554	0.6787275263999999
AC	0.0957982	0.1042562548	0.210166	0.0240328548	0.52420048025
AB	0.16203427035	0.1843982407	0.134901	0.0708907	0.6291834603500001
BC	0.12961765	0.0740065999	0.0740065999	0.0164820321	0.7385704889
AC	0.0529865	0.06881728	0.444236	0.00823348	0.5736960328
AB	0.0448424947	0.0472872005	0.0530007	0.0142564111	0.6440999979
AC	0.161128	0.16931691799999998	0.270774	0.034639918	1.6829285171
AB	0.13751655585	0.1775856817	0.177182	0.03528957	0.55554683825
AB	0.142067016	0.19024432880000003	0.177996	0.0573332968	1.2532492154
AC	0.10613397734999999	0.1749755547	0.214347	0.0535241	0.53446138445
BC	0.15431050000000002	0.238277	0.238277	0.032282349	0.48008052005
AB	0.1010336923	0.15486650899999999	0.124196	0.0429520244	1.0510567692
AB	0.029144077400000003	0.0182606748	0.0209695	0.00281222	0.2905827894
AB	0.2975126224	0.4038835657	0.211908	0.1448423209	0.6999736570499999
AB	0.24484768880000002	0.14994527759999998	0.166029	0.0150329	0.6258595469
AB	0.14436712555	0.16504198879999998	0.132553	0.0244647377	1.28048167385
AB	0.16166598985000002	0.24511897970000002	0.123068	0.100251	1.5979429330500001
AC	0.2804226888	0.30144008499999997	0.352944	0.0295987074	0.58366704595
AB	0.16976676035	0.2390938673	0.755163	0.0954103466	0.78877960845
AC	0.052952936549999996	0.0739884901	0.116144	0.005550317	0.40092276815
AC	0.15039439765	0.1094751156	0.192756	0.0078603203	0.59472247805
AC	0.03494849495	0.0350702695	0.0730421	0.0082140796	1.3114434273
AC	0.15879944699999998	0.184033094	0.0209693	0.0601652	0.805479174
AB	0.1525285873	0.1718661507	0.208343	0.0590429761	0.8828548401499999
AC	0.18914903515	0.2780630703	0.276764	0.170273	2.2654100254
AB	0.19908856319999998	0.19005202640000002	0.161746	0.0653909	1.6839907200000002
AB	0.0743046396	0.1315120782	0.127032	0.037139999	4.19813541985
AB	0.0993933444	0.1469037728	0.137309	0.042065784	1.0534373493
AB	0.0624436508	0.0704932592	0.12012	0.0179663576	0.3133336819
AB	0.05652538985	0.0793203797	0.0522125	0.0304314	1.96008832465
AB	0.1053731038	0.0474221076	0.102923	0.0233759	1.1099786227
AB	0.02637875	0.10309190000000001	0.0124628264	0.0683856	0.6745758197
AB	0.15001244349999998	0.2085497294	0.138228	0.0479168424	1.0110880043500001
AB	0.1502106131	0.28731865160000003	0.215972	0.0780170254	1.0278206202
AC	0.12368635	0.1919718734	0.19146	0.0354858734	1.51197503975
AB	0.136668034	0.23406026800000002	0.241414	0.0645262	2.7516402116500003
AB	0.08735589015	0.09418058030000001	0.0368326	0.0320678	0.88382849065
AB	0.032275106649999996	0.0263511488	0.0801869	0.0042580355	0.6664669288
AB	0.1191364134	0.07979134969999999	0.11037	0.0139035229	0.8724596116
AB	0.1564885	0.1940872	0.107713	0.0568522	1.66346592455
AB	0.13919824325000002	0.1657813265	0.140223	0.04860884	1.95240675355
AB	0.14011692095	0.1812490449	0.205854	0.070386203	0.991970959
AB	0.107879847	0.190242794	0.114526	0.0775711	1.68632017715
AB	0.1703645047	0.2377554329	0.144458	0.0497774235	1.6311087847499999
AB	0.12547260445	0.2316872089	0.115637	0.0773444	0.5356528676
AB	0.1975777654	0.2542465502	0.368804	0.0492670194	1.0446913647
AB	0.11379165	0.1405854906	0.0923204	0.0073174906	0.7963189575
AB	0.09664761685	0.1684421312	0.129668	0.0670535975	1.65553273645
AB	0.1485448369	0.20251577380000002	0.12379	0.0341771	0.76655423055
AB	0.10479316545	0.1811439309	0.0799779	0.0892476	0.2760990645
AB	0.058689345500000004	0.0612021874	0.10089	0.0122191964	0.83079623435
AB	0.1061804484	0.177722389	0.121657	0.0624681922	0.9506529675500001
AC	0.44076000000000004	0.8258821000000001	0.231992	0.0745911	0.6285276073
AB	0.14110968325	0.1758819795	0.155107	0.046697613	1.3618477226499999
AC	0.1371946	0.1094552298	0.156862	0.0099540298	0.7615119255999999
AB	0.12689323385	0.1627054034	0.156836	0.0489179357	0.8176548344500001
AC	0.14434036145	0.1381474411	0.112121	0.0257917182	0.8244325094
AC	0.12755355000000002	0.1998879	0.258884	0.0383059	1.0479759489
AC	0.0317413441	0.0240553855	0.0927924	0.0031048973	0.2749942237
AB	0.17585178755	0.10619259850000001	0.175855	0.0330530234	0.65045690245
AB	0.29295878945	0.4109717756	0.18917	0.1053351967	0.8251947084
AC	0.1457135	0.2542455	0.0911788	0.0791845	1.9358514044
AB	0.11673530004999999	0.146829023	0.107406	0.0375944229	1.76604443915
AC	0.0537236283	0.1354503	0.0605605	0.0725521	0.42579067345
AB	0.24769855975	0.9615321195	0.296581	0.748147	0.8427809748
AB	0.1497627618	0.1602473383	0.151516	0.0439878147	5.340389796549999
AB	0.1807099045	0.1345323938	0.217348	0.0504145848	3.9479992794
AB	0.22141977229999998	0.1282430922	0.352916	0.0187535476	0.77382692025
AB	0.1152161864	0.1812697238	0.103362	0.049258851	2.5635806595
AC	0.18912700225	0.2592690045	0.298597	0.125564	0.665200123
AB	0.10409195215	0.1418176043	0.0474647	0.0360807	0.2803987782
AB	0.1363280992	0.19592184610000002	0.130244	0.0699496477	1.40528344665
AB	0.1450942857	0.2174365199	0.169799	0.0359559485	0.5839339165999999
AC	0.12779270055	0.1165538079	0.0766651	0.0184254068	0.93859047085
AC	0.0671924438	0.0775750876	0.0833375	0.0119179	0.6025849454500001
AB	0.14965869999999998	0.337451983	0.278322	0.078591983	0.86737336225
AC	0.12446881685	0.1509924728	0.243687	0.0261288391	0.7449505547499999
AB	0.1994340562	0.1995592785	0.3141	0.0650221661	2.4044406244500003
AC	0.13468415	0.2550566	0.176856	0.0539776	0.8438074481
AB	0.1494595893	0.2794721786	0.123593	0.102435	0.69826864135
AC	0.1099321	0.1797283	0.117018	0.0556203	0.4048516516
AB	0.16727733415	0.1892020683	0.117679	0.0503634	1.4384151001
AB	0.09064808645	0.10550164149999999	0.119187	0.0349094686	0.54820409505
AC	0.08150015705	0.18454422329999998	0.193075	0.0719412	0.6689133409500001
AC	0.09787027275	0.2310124455	0.0770714	0.123555	0.8712841526
AB	0.1804980569	0.2032028138	0.128937	0.0523937	0.6933552934
AB	0.12686027375	0.16518524750000002	0.227594	0.0659277	1.2347305687
AB	0.121357967	0.1282252751	0.130426	0.0556233411	1.7645232444
AB	0.0922229289	0.1294505178	0.155826	0.05664466	1.3916064372
AC	0.1160765597	0.2675910352	0.335811	0.0992452	1.7580737216000002
BC	0.058343149999999996	0.0871453	0.0871453	0.0081109274	0.6755951858
AC	0.1844517862	0.3717855724	0.0	0.192456	2.04825002415
AB	0.06943486025000001	0.0969210205	0.0809797	0.0509013	0.48719391860000005
AB	0.08536066249999999	0.1023333529	0.124831	0.0293001279	0.7837039642
AC	0.12457625	0.15489920000000001	0.0151948	0.0749517	1.6983196541
AB	0.049917381749999996	0.0648238635	0.0465991	0.0386198	0.31130021825
BC	0.2769865	0.14471	0.14471	0.0089296439	0.7853200879000001
AC	0.1014095595	0.0807645017	0.144485	0.0004903827	0.8793884913500001
AC	0.137826	0.16218110000000002	0.0876363	0.0275401	3.38457434685
AB	0.06702257554999999	0.080544199	0.113973	0.0153689479	0.244598
AB	0.1151215438	0.1376285896	0.172267	0.032448502	5.6488847050499995
AC	0.1494075	0.1836434362	0.0820533	0.0372804362	0.58530952375
AC	0.1403771	0.2769655	0.0952163	0.0663215	0.44478208924999996
AB	0.12905787964999998	0.1513157593	0.112916	0.058625	1.08628668585
AB	0.19048968779999997	0.1612176945	0.159197	0.0335983189	1.4111333523
BC	0.1942145	0.14410991	0.14410991	0.014816757	1.7618492321499999
AB	0.0989654271	0.1717279542	0.0937749	0.0806611	1.28671801875
AC	0.18899763785	0.1867712757	0.170799	0.059883	1.2683452761
AB	0.2287906671	0.2848915064	0.211209	0.0528741722	0.7479299562499999
AB	0.0507844318	0.0555117636	0.0300415	0.0182001	0.50008784385
AB	0.22826407124999998	0.2601637824	0.159049	0.0580326399	0.82732001175
AB	0.11189040015	0.0807634249	0.0567809	0.0347166246	0.78659336635
AB	0.14861041625	0.15607253249999997	0.101941	0.0159517	1.4711816293500002
AB	0.0906810197	0.10289797580000001	0.130741	0.0313839364	2.63065228025
AB	0.15270700355	0.185508951	0.2481	0.0460859439	0.90673625365
AB	0.36030432734999995	0.6755866547	0.1813626896	0.325995	0.8623081607
AB	0.14209143559999998	0.2219935712	0.151968	0.0600907	1.4717080567999998
AC	0.07227563170000001	0.1077778634	0.116792	0.0269481	1.28353538365
BC	0.06361625	0.0886599	0.0886599	0.0200395	0.34380281625
AC	0.11650101885	0.2314488	0.261073	0.0243018	0.9509807979
AC	0.08814376265	0.1380881253	0.151709	0.0502895	1.5679391222499999
AB	0.14599029940000002	0.1613440618	0.169662	0.044360463	1.1438215462499999
AC	0.17191203665	0.16345535419999999	0.342142	0.0261542809	1.03229546315
AC	0.14253701685	0.854453	2.88953	0.624553	0.576846161
AB	0.1868951965	0.18390899300000002	0.175384	0.0969706	0.4756011907
AC	0.0781060276	0.278201959	0.133349	0.152305	0.80462217015
AB	0.06845815405	0.0792931228	0.0869324	0.0198442147	1.05016553045
AB	0.1442206317	0.1303522634	0.125502	0.050141	1.13610339315
BC	0.1795965	0.178662	0.178662	0.0307175	1.53534279095
AB	0.121969633	0.16415370429999998	0.133369	0.0314474383	2.293206527
